"TIME","APP","VERSION","USERS","SESSIONS","FREQUENCY"
"2024-03-26 00:00:00","docker","34.0.1-1",31226,31991,1.02
"2024-03-26 00:01:00","docker","34.0.1-1",31244,32045,1.03
"2024-03-26 00:02:00","docker","34.0.1-1",31251,32036,1.03
"2024-03-26 00:03:00","docker","34.0.1-1",31252,32013,1.02
"2024-03-26 00:04:00","docker","34.0.1-1",31301,32080,1.02
"2024-03-26 00:05:00","docker","34.0.1-1",31386,32185,1.03
"2024-03-26 00:06:00","docker","34.0.1-1",31437,32211,1.02
"2024-03-26 00:07:00","docker","34.0.1-1",31384,32132,1.02
"2024-03-26 00:08:00","docker","34.0.1-1",31503,32256,1.02
"2024-03-26 00:09:00","docker","34.0.1-1",31499,32235,1.02
"2024-03-26 00:10:00","docker","34.0.1-1",31524,32288,1.02
"2024-03-26 00:11:00","docker","34.0.1-1",31541,32300,1.02
"2024-03-26 00:12:00","docker","34.0.1-1",31628,32382,1.02
"2024-03-26 00:13:00","docker","34.0.1-1",31699,32465,1.02
"2024-03-26 00:14:00","docker","34.0.1-1",31616,32397,1.02
"2024-03-26 00:15:00","docker","34.0.1-1",31657,32438,1.02
"2024-03-26 00:16:00","docker","34.0.1-1",31757,32591,1.03
"2024-03-26 00:17:00","docker","34.0.1-1",31796,32603,1.03
"2024-03-26 00:18:00","docker","34.0.1-1",31726,32518,1.02
"2024-03-26 00:19:00","docker","34.0.1-1",31697,32504,1.03
"2024-03-26 00:20:00","docker","34.0.1-1",31817,32640,1.03
"2024-03-26 00:21:00","docker","34.0.1-1",31885,32706,1.03
"2024-03-26 00:22:00","docker","34.0.1-1",31861,32696,1.03
"2024-03-26 00:23:00","docker","34.0.1-1",31929,32773,1.03
"2024-03-26 00:24:00","docker","34.0.1-1",31995,32866,1.03
"2024-03-26 00:25:00","docker","34.0.1-1",31992,32864,1.03
"2024-03-26 00:26:00","docker","34.0.1-1",31983,32849,1.03
"2024-03-26 00:27:00","docker","34.0.1-1",31983,32850,1.03
"2024-03-26 00:28:00","docker","34.0.1-1",31986,32845,1.03
"2024-03-26 00:29:00","docker","34.0.1-1",32087,32923,1.03
"2024-03-26 00:30:00","docker","34.0.1-1",32158,33027,1.03
"2024-03-26 00:31:00","docker","34.0.1-1",32125,32962,1.03
"2024-03-26 00:32:00","docker","34.0.1-1",32144,32983,1.03
"2024-03-26 00:33:00","docker","34.0.1-1",32146,32975,1.03
"2024-03-26 00:34:00","docker","34.0.1-1",32202,33063,1.03
"2024-03-26 00:35:00","docker","34.0.1-1",32280,33127,1.03
"2024-03-26 00:36:00","docker","34.0.1-1",32226,33037,1.03
"2024-03-26 00:37:00","docker","34.0.1-1",32243,33058,1.03
"2024-03-26 00:38:00","docker","34.0.1-1",32284,33093,1.03
"2024-03-26 00:39:00","docker","34.0.1-1",32284,33128,1.03
"2024-03-26 00:40:00","docker","34.0.1-1",32276,33117,1.03
"2024-03-26 00:41:00","docker","34.0.1-1",32244,33040,1.02
"2024-03-26 00:42:00","docker","34.0.1-1",32219,33018,1.02
"2024-03-26 00:43:00","docker","34.0.1-1",32217,32997,1.02
"2024-03-26 00:44:00","docker","34.0.1-1",32184,32973,1.02
"2024-03-26 00:45:00","docker","34.0.1-1",32088,32879,1.02
"2024-03-26 00:46:00","docker","34.0.1-1",32109,32918,1.03
"2024-03-26 00:47:00","docker","34.0.1-1",32158,32966,1.03
"2024-03-26 00:48:00","docker","34.0.1-1",32088,32865,1.02
"2024-03-26 00:49:00","docker","34.0.1-1",32097,32896,1.02
"2024-03-26 00:50:00","docker","34.0.1-1",32176,32985,1.03
"2024-03-26 00:51:00","docker","34.0.1-1",32253,33058,1.02
"2024-03-26 00:52:00","docker","34.0.1-1",32278,33096,1.03
"2024-03-26 00:53:00","docker","34.0.1-1",32198,32943,1.02
"2024-03-26 00:54:00","docker","34.0.1-1",32191,32953,1.02
"2024-03-26 00:55:00","docker","34.0.1-1",32133,32857,1.02
"2024-03-26 00:56:00","docker","34.0.1-1",32173,32951,1.02
"2024-03-26 00:57:00","docker","34.0.1-1",32116,32904,1.02
"2024-03-26 00:58:00","docker","34.0.1-1",32066,32849,1.02
"2024-03-26 00:59:00","docker","34.0.1-1",32223,33014,1.02
"2024-03-26 01:00:00","docker","34.0.1-1",32238,33000,1.02
"2024-03-26 01:01:00","docker","34.0.1-1",32298,33057,1.02
"2024-03-26 01:02:00","docker","34.0.1-1",32195,32963,1.02
"2024-03-26 01:03:00","docker","34.0.1-1",32121,32886,1.02
"2024-03-26 01:04:00","docker","34.0.1-1",32158,32934,1.02
"2024-03-26 01:05:00","docker","34.0.1-1",32171,32928,1.02
"2024-03-26 01:06:00","docker","34.0.1-1",32236,33011,1.02
"2024-03-26 01:07:00","docker","34.0.1-1",32306,33090,1.02
"2024-03-26 01:08:00","docker","34.0.1-1",32314,33095,1.02
"2024-03-26 01:09:00","docker","34.0.1-1",32337,33120,1.02
"2024-03-26 01:10:00","docker","34.0.1-1",32355,33168,1.03
"2024-03-26 01:11:00","docker","34.0.1-1",32334,33109,1.02
"2024-03-26 01:12:00","docker","34.0.1-1",32345,33161,1.03
"2024-03-26 01:13:00","docker","34.0.1-1",32440,33253,1.03
"2024-03-26 01:14:00","docker","34.0.1-1",32393,33215,1.03
"2024-03-26 01:15:00","docker","34.0.1-1",32312,33111,1.02
"2024-03-26 01:16:00","docker","34.0.1-1",32221,33001,1.02
"2024-03-26 01:17:00","docker","34.0.1-1",32323,33141,1.03
"2024-03-26 01:18:00","docker","34.0.1-1",32341,33171,1.03
"2024-03-26 01:19:00","docker","34.0.1-1",32407,33235,1.03
"2024-03-26 01:20:00","docker","34.0.1-1",32433,33283,1.03
"2024-03-26 01:21:00","docker","34.0.1-1",32432,33236,1.02
"2024-03-26 01:22:00","docker","34.0.1-1",32460,33217,1.02
"2024-03-26 01:23:00","docker","34.0.1-1",32524,33307,1.02
"2024-03-26 01:24:00","docker","34.0.1-1",32567,33347,1.02
"2024-03-26 01:25:00","docker","34.0.1-1",32585,33357,1.02
"2024-03-26 01:26:00","docker","34.0.1-1",32617,33415,1.02
"2024-03-26 01:27:00","docker","34.0.1-1",32537,33333,1.02
"2024-03-26 01:28:00","docker","34.0.1-1",32530,33331,1.02
"2024-03-26 01:29:00","docker","34.0.1-1",32558,33353,1.02
"2024-03-26 01:30:00","docker","34.0.1-1",32611,33442,1.03
"2024-03-26 01:31:00","docker","34.0.1-1",32581,33382,1.02
"2024-03-26 01:32:00","docker","34.0.1-1",32573,33402,1.03
"2024-03-26 01:33:00","docker","34.0.1-1",32548,33356,1.02
"2024-03-26 01:34:00","docker","34.0.1-1",32655,33483,1.03
"2024-03-26 01:35:00","docker","34.0.1-1",32574,33376,1.02
"2024-03-26 01:36:00","docker","34.0.1-1",32566,33353,1.02
"2024-03-26 01:37:00","docker","34.0.1-1",32587,33411,1.03
"2024-03-26 01:38:00","docker","34.0.1-1",32631,33402,1.02
"2024-03-26 01:39:00","docker","34.0.1-1",32591,33374,1.02
"2024-03-26 01:40:00","docker","34.0.1-1",32481,33256,1.02
"2024-03-26 01:41:00","docker","34.0.1-1",32514,33279,1.02
"2024-03-26 01:42:00","docker","34.0.1-1",32488,33254,1.02
"2024-03-26 01:43:00","docker","34.0.1-1",32408,33186,1.02
"2024-03-26 01:44:00","docker","34.0.1-1",32431,33241,1.02
"2024-03-26 01:45:00","docker","34.0.1-1",32309,33065,1.02
"2024-03-26 01:46:00","docker","34.0.1-1",32306,33030,1.02
"2024-03-26 01:47:00","docker","34.0.1-1",32218,32944,1.02
"2024-03-26 01:48:00","docker","34.0.1-1",32219,32947,1.02
"2024-03-26 01:49:00","docker","34.0.1-1",32228,32988,1.02
"2024-03-26 01:50:00","docker","34.0.1-1",32289,33060,1.02
"2024-03-26 01:51:00","docker","34.0.1-1",32226,32994,1.02
"2024-03-26 01:52:00","docker","34.0.1-1",32262,33029,1.02
"2024-03-26 01:53:00","docker","34.0.1-1",32251,33039,1.02
"2024-03-26 01:54:00","docker","34.0.1-1",32203,32978,1.02
"2024-03-26 01:55:00","docker","34.0.1-1",32141,32900,1.02
"2024-03-26 01:56:00","docker","34.0.1-1",32131,32880,1.02
"2024-03-26 01:57:00","docker","34.0.1-1",32030,32781,1.02
"2024-03-26 01:58:00","docker","34.0.1-1",32025,32779,1.02
"2024-03-26 01:59:00","docker","34.0.1-1",32078,32851,1.02
"2024-03-26 02:00:00","docker","34.0.1-1",32106,32881,1.02
"2024-03-26 02:01:00","docker","34.0.1-1",32056,32812,1.02
"2024-03-26 02:02:00","docker","34.0.1-1",32079,32843,1.02
"2024-03-26 02:03:00","docker","34.0.1-1",32056,32814,1.02
"2024-03-26 02:04:00","docker","34.0.1-1",32016,32804,1.02
"2024-03-26 02:05:00","docker","34.0.1-1",32025,32809,1.02
"2024-03-26 02:06:00","docker","34.0.1-1",32059,32866,1.03
"2024-03-26 02:07:00","docker","34.0.1-1",32059,32851,1.02
"2024-03-26 02:08:00","docker","34.0.1-1",32105,32883,1.02
"2024-03-26 02:09:00","docker","34.0.1-1",32077,32837,1.02
"2024-03-26 02:10:00","docker","34.0.1-1",32060,32839,1.02
"2024-03-26 02:11:00","docker","34.0.1-1",32064,32838,1.02
"2024-03-26 02:12:00","docker","34.0.1-1",32005,32785,1.02
"2024-03-26 02:13:00","docker","34.0.1-1",32008,32816,1.03
"2024-03-26 02:14:00","docker","34.0.1-1",31976,32755,1.02
"2024-03-26 02:15:00","docker","34.0.1-1",32000,32807,1.03
"2024-03-26 02:16:00","docker","34.0.1-1",31941,32696,1.02
"2024-03-26 02:17:00","docker","34.0.1-1",31947,32725,1.02
"2024-03-26 02:18:00","docker","34.0.1-1",31919,32682,1.02
"2024-03-26 02:19:00","docker","34.0.1-1",31926,32697,1.02
"2024-03-26 02:20:00","docker","34.0.1-1",31826,32590,1.02
"2024-03-26 02:21:00","docker","34.0.1-1",31800,32542,1.02
"2024-03-26 02:22:00","docker","34.0.1-1",31814,32556,1.02
"2024-03-26 02:23:00","docker","34.0.1-1",31764,32507,1.02
"2024-03-26 02:24:00","docker","34.0.1-1",31766,32517,1.02
"2024-03-26 02:25:00","docker","34.0.1-1",31779,32563,1.02
"2024-03-26 02:26:00","docker","34.0.1-1",31706,32460,1.02
"2024-03-26 02:27:00","docker","34.0.1-1",31677,32439,1.02
"2024-03-26 02:28:00","docker","34.0.1-1",31686,32447,1.02
"2024-03-26 02:29:00","docker","34.0.1-1",31743,32547,1.03
"2024-03-26 02:30:00","docker","34.0.1-1",31712,32488,1.02
"2024-03-26 02:31:00","docker","34.0.1-1",31682,32425,1.02
"2024-03-26 02:32:00","docker","34.0.1-1",31692,32498,1.03
"2024-03-26 02:33:00","docker","34.0.1-1",31707,32526,1.03
"2024-03-26 02:34:00","docker","34.0.1-1",31715,32510,1.03
"2024-03-26 02:35:00","docker","34.0.1-1",31667,32441,1.02
"2024-03-26 02:36:00","docker","34.0.1-1",31736,32521,1.02
"2024-03-26 02:37:00","docker","34.0.1-1",31693,32464,1.02
"2024-03-26 02:38:00","docker","34.0.1-1",31539,32311,1.02
"2024-03-26 02:39:00","docker","34.0.1-1",31557,32316,1.02
"2024-03-26 02:40:00","docker","34.0.1-1",31596,32396,1.03
"2024-03-26 02:41:00","docker","34.0.1-1",31554,32347,1.03
"2024-03-26 02:42:00","docker","34.0.1-1",31526,32323,1.03
"2024-03-26 02:43:00","docker","34.0.1-1",31462,32261,1.03
"2024-03-26 02:44:00","docker","34.0.1-1",31369,32177,1.03
"2024-03-26 02:45:00","docker","34.0.1-1",31304,32116,1.03
"2024-03-26 02:46:00","docker","34.0.1-1",31216,31991,1.02
"2024-03-26 02:47:00","docker","34.0.1-1",31158,31926,1.02
"2024-03-26 02:48:00","docker","34.0.1-1",31220,32002,1.03
"2024-03-26 02:49:00","docker","34.0.1-1",31131,31932,1.03
"2024-03-26 02:50:00","docker","34.0.1-1",31093,31888,1.03
"2024-03-26 02:51:00","docker","34.0.1-1",31072,31847,1.02
"2024-03-26 02:52:00","docker","34.0.1-1",31057,31843,1.03
"2024-03-26 02:53:00","docker","34.0.1-1",31039,31862,1.03
"2024-03-26 02:54:00","docker","34.0.1-1",31008,31797,1.03
"2024-03-26 02:55:00","docker","34.0.1-1",30934,31699,1.02
"2024-03-26 02:56:00","docker","34.0.1-1",30776,31536,1.02
"2024-03-26 02:57:00","docker","34.0.1-1",30684,31424,1.02
"2024-03-26 02:58:00","docker","34.0.1-1",30603,31372,1.03
"2024-03-26 02:59:00","docker","34.0.1-1",30811,31580,1.02
"2024-03-26 03:00:00","docker","34.0.1-1",30854,31627,1.03
"2024-03-26 03:01:00","docker","34.0.1-1",30807,31589,1.03
"2024-03-26 03:02:00","docker","34.0.1-1",30828,31617,1.03
"2024-03-26 03:03:00","docker","34.0.1-1",30838,31619,1.03
"2024-03-26 03:04:00","docker","34.0.1-1",30717,31486,1.03
"2024-03-26 03:05:00","docker","34.0.1-1",30704,31475,1.03
"2024-03-26 03:06:00","docker","34.0.1-1",30633,31382,1.02
"2024-03-26 03:07:00","docker","34.0.1-1",30627,31378,1.02
"2024-03-26 03:08:00","docker","34.0.1-1",30616,31360,1.02
"2024-03-26 03:09:00","docker","34.0.1-1",30546,31302,1.02
"2024-03-26 03:10:00","docker","34.0.1-1",30536,31266,1.02
"2024-03-26 03:11:00","docker","34.0.1-1",30476,31217,1.02
"2024-03-26 03:12:00","docker","34.0.1-1",30512,31236,1.02
"2024-03-26 03:13:00","docker","34.0.1-1",30445,31203,1.02
"2024-03-26 03:14:00","docker","34.0.1-1",30444,31200,1.02
"2024-03-26 03:15:00","docker","34.0.1-1",30351,31144,1.03
"2024-03-26 03:16:00","docker","34.0.1-1",30361,31159,1.03
"2024-03-26 03:17:00","docker","34.0.1-1",30313,31064,1.02
"2024-03-26 03:18:00","docker","34.0.1-1",30286,31064,1.03
"2024-03-26 03:19:00","docker","34.0.1-1",30248,31011,1.03
"2024-03-26 03:20:00","docker","34.0.1-1",30199,30965,1.03
"2024-03-26 03:21:00","docker","34.0.1-1",30145,30921,1.03
"2024-03-26 03:22:00","docker","34.0.1-1",30120,30887,1.03
"2024-03-26 03:23:00","docker","34.0.1-1",30085,30845,1.03
"2024-03-26 03:24:00","docker","34.0.1-1",30075,30831,1.03
"2024-03-26 03:25:00","docker","34.0.1-1",30085,30847,1.03
"2024-03-26 03:26:00","docker","34.0.1-1",30062,30807,1.02
"2024-03-26 03:27:00","docker","34.0.1-1",30011,30776,1.03
"2024-03-26 03:28:00","docker","34.0.1-1",29924,30672,1.02
"2024-03-26 03:29:00","docker","34.0.1-1",29883,30633,1.03
"2024-03-26 03:30:00","docker","34.0.1-1",29954,30702,1.02
"2024-03-26 03:31:00","docker","34.0.1-1",29940,30700,1.03
"2024-03-26 03:32:00","docker","34.0.1-1",29904,30676,1.03
"2024-03-26 03:33:00","docker","34.0.1-1",29926,30662,1.02
"2024-03-26 03:34:00","docker","34.0.1-1",29767,30520,1.03
"2024-03-26 03:35:00","docker","34.0.1-1",29761,30462,1.02
"2024-03-26 03:36:00","docker","34.0.1-1",29675,30375,1.02
"2024-03-26 03:37:00","docker","34.0.1-1",29594,30315,1.02
"2024-03-26 03:38:00","docker","34.0.1-1",29505,30223,1.02
"2024-03-26 03:39:00","docker","34.0.1-1",29453,30154,1.02
"2024-03-26 03:40:00","docker","34.0.1-1",29393,30108,1.02
"2024-03-26 03:41:00","docker","34.0.1-1",29412,30104,1.02
"2024-03-26 03:42:00","docker","34.0.1-1",29274,29984,1.02
"2024-03-26 03:43:00","docker","34.0.1-1",29220,29885,1.02
"2024-03-26 03:44:00","docker","34.0.1-1",29113,29806,1.02
"2024-03-26 03:45:00","docker","34.0.1-1",29044,29741,1.02
"2024-03-26 03:46:00","docker","34.0.1-1",28975,29679,1.02
"2024-03-26 03:47:00","docker","34.0.1-1",28918,29612,1.02
"2024-03-26 03:48:00","docker","34.0.1-1",28813,29498,1.02
"2024-03-26 03:49:00","docker","34.0.1-1",28820,29510,1.02
"2024-03-26 03:50:00","docker","34.0.1-1",28723,29417,1.02
"2024-03-26 03:51:00","docker","34.0.1-1",28651,29330,1.02
"2024-03-26 03:52:00","docker","34.0.1-1",28560,29228,1.02
"2024-03-26 03:53:00","docker","34.0.1-1",28496,29194,1.02
"2024-03-26 03:54:00","docker","34.0.1-1",28492,29195,1.02
"2024-03-26 03:55:00","docker","34.0.1-1",28375,29115,1.03
"2024-03-26 03:56:00","docker","34.0.1-1",28287,29000,1.03
"2024-03-26 03:57:00","docker","34.0.1-1",28268,28969,1.02
"2024-03-26 03:58:00","docker","34.0.1-1",28236,28957,1.03
"2024-03-26 03:59:00","docker","34.0.1-1",28390,29156,1.03
"2024-03-26 04:00:00","docker","34.0.1-1",28407,29117,1.02
"2024-03-26 04:01:00","docker","34.0.1-1",28188,28867,1.02
"2024-03-26 04:02:00","docker","34.0.1-1",28169,28861,1.02
"2024-03-26 04:03:00","docker","34.0.1-1",28097,28794,1.02
"2024-03-26 04:04:00","docker","34.0.1-1",27990,28702,1.03
"2024-03-26 04:05:00","docker","34.0.1-1",28015,28723,1.03
"2024-03-26 04:06:00","docker","34.0.1-1",27935,28649,1.03
"2024-03-26 04:07:00","docker","34.0.1-1",27823,28514,1.02
"2024-03-26 04:08:00","docker","34.0.1-1",27773,28451,1.02
"2024-03-26 04:09:00","docker","34.0.1-1",27732,28411,1.02
"2024-03-26 04:10:00","docker","34.0.1-1",27651,28338,1.02
"2024-03-26 04:11:00","docker","34.0.1-1",27607,28273,1.02
"2024-03-26 04:12:00","docker","34.0.1-1",27600,28245,1.02
"2024-03-26 04:13:00","docker","34.0.1-1",27557,28225,1.02
"2024-03-26 04:14:00","docker","34.0.1-1",27479,28131,1.02
"2024-03-26 04:15:00","docker","34.0.1-1",27398,28093,1.03
"2024-03-26 04:16:00","docker","34.0.1-1",27361,28040,1.02
"2024-03-26 04:17:00","docker","34.0.1-1",27296,28002,1.03
"2024-03-26 04:18:00","docker","34.0.1-1",27182,27855,1.02
"2024-03-26 04:19:00","docker","34.0.1-1",27119,27767,1.02
"2024-03-26 04:20:00","docker","34.0.1-1",27050,27715,1.02
"2024-03-26 04:21:00","docker","34.0.1-1",26993,27630,1.02
"2024-03-26 04:22:00","docker","34.0.1-1",27042,27687,1.02
"2024-03-26 04:23:00","docker","34.0.1-1",26943,27594,1.02
"2024-03-26 04:24:00","docker","34.0.1-1",26868,27498,1.02
"2024-03-26 04:25:00","docker","34.0.1-1",26803,27474,1.03
"2024-03-26 04:26:00","docker","34.0.1-1",26744,27378,1.02
"2024-03-26 04:27:00","docker","34.0.1-1",26728,27352,1.02
"2024-03-26 04:28:00","docker","34.0.1-1",26633,27293,1.02
"2024-03-26 04:29:00","docker","34.0.1-1",26673,27383,1.03
"2024-03-26 04:30:00","docker","34.0.1-1",26657,27349,1.03
"2024-03-26 04:31:00","docker","34.0.1-1",26661,27292,1.02
"2024-03-26 04:32:00","docker","34.0.1-1",26661,27317,1.02
"2024-03-26 04:33:00","docker","34.0.1-1",26572,27227,1.02
"2024-03-26 04:34:00","docker","34.0.1-1",26465,27083,1.02
"2024-03-26 04:35:00","docker","34.0.1-1",26318,26938,1.02
"2024-03-26 04:36:00","docker","34.0.1-1",26250,26842,1.02
"2024-03-26 04:37:00","docker","34.0.1-1",26164,26766,1.02
"2024-03-26 04:38:00","docker","34.0.1-1",26082,26696,1.02
"2024-03-26 04:39:00","docker","34.0.1-1",26050,26674,1.02
"2024-03-26 04:40:00","docker","34.0.1-1",26028,26663,1.02
"2024-03-26 04:41:00","docker","34.0.1-1",25920,26543,1.02
"2024-03-26 04:42:00","docker","34.0.1-1",25820,26448,1.02
"2024-03-26 04:43:00","docker","34.0.1-1",25778,26398,1.02
"2024-03-26 04:44:00","docker","34.0.1-1",25588,26186,1.02
"2024-03-26 04:45:00","docker","34.0.1-1",25528,26139,1.02
"2024-03-26 04:46:00","docker","34.0.1-1",25474,26053,1.02
"2024-03-26 04:47:00","docker","34.0.1-1",25437,26024,1.02
"2024-03-26 04:48:00","docker","34.0.1-1",25378,25953,1.02
"2024-03-26 04:49:00","docker","34.0.1-1",25317,25910,1.02
"2024-03-26 04:50:00","docker","34.0.1-1",25245,25812,1.02
"2024-03-26 04:51:00","docker","34.0.1-1",25166,25770,1.02
"2024-03-26 04:52:00","docker","34.0.1-1",25102,25720,1.02
"2024-03-26 04:53:00","docker","34.0.1-1",25074,25655,1.02
"2024-03-26 04:54:00","docker","34.0.1-1",25014,25579,1.02
"2024-03-26 04:55:00","docker","34.0.1-1",24911,25496,1.02
"2024-03-26 04:56:00","docker","34.0.1-1",24830,25401,1.02
"2024-03-26 04:57:00","docker","34.0.1-1",24824,25395,1.02
"2024-03-26 04:58:00","docker","34.0.1-1",24716,25282,1.02
"2024-03-26 04:59:00","docker","34.0.1-1",24933,25528,1.02
"2024-03-26 05:00:00","docker","34.0.1-1",24989,25581,1.02
"2024-03-26 05:01:00","docker","34.0.1-1",24957,25572,1.02
"2024-03-26 05:02:00","docker","34.0.1-1",24886,25498,1.02
"2024-03-26 05:03:00","docker","34.0.1-1",24875,25478,1.02
"2024-03-26 05:04:00","docker","34.0.1-1",24823,25399,1.02
"2024-03-26 05:05:00","docker","34.0.1-1",24731,25314,1.02
"2024-03-26 05:06:00","docker","34.0.1-1",24681,25281,1.02
"2024-03-26 05:07:00","docker","34.0.1-1",24633,25212,1.02
"2024-03-26 05:08:00","docker","34.0.1-1",24581,25156,1.02
"2024-03-26 05:09:00","docker","34.0.1-1",24483,25061,1.02
"2024-03-26 05:10:00","docker","34.0.1-1",24466,25026,1.02
"2024-03-26 05:11:00","docker","34.0.1-1",24442,25016,1.02
"2024-03-26 05:12:00","docker","34.0.1-1",24372,24958,1.02
"2024-03-26 05:13:00","docker","34.0.1-1",24317,24909,1.02
"2024-03-26 05:14:00","docker","34.0.1-1",24229,24822,1.02
"2024-03-26 05:15:00","docker","34.0.1-1",24161,24730,1.02
"2024-03-26 05:16:00","docker","34.0.1-1",24071,24643,1.02
"2024-03-26 05:17:00","docker","34.0.1-1",24070,24625,1.02
"2024-03-26 05:18:00","docker","34.0.1-1",24048,24593,1.02
"2024-03-26 05:19:00","docker","34.0.1-1",23905,24462,1.02
"2024-03-26 05:20:00","docker","34.0.1-1",23867,24399,1.02
"2024-03-26 05:21:00","docker","34.0.1-1",23854,24400,1.02
"2024-03-26 05:22:00","docker","34.0.1-1",23838,24389,1.02
"2024-03-26 05:23:00","docker","34.0.1-1",23754,24310,1.02
"2024-03-26 05:24:00","docker","34.0.1-1",23682,24244,1.02
"2024-03-26 05:25:00","docker","34.0.1-1",23681,24253,1.02
"2024-03-26 05:26:00","docker","34.0.1-1",23661,24227,1.02
"2024-03-26 05:27:00","docker","34.0.1-1",23624,24191,1.02
"2024-03-26 05:28:00","docker","34.0.1-1",23534,24110,1.02
"2024-03-26 05:29:00","docker","34.0.1-1",23565,24140,1.02
"2024-03-26 05:30:00","docker","34.0.1-1",23590,24161,1.02
"2024-03-26 05:31:00","docker","34.0.1-1",23606,24175,1.02
"2024-03-26 05:32:00","docker","34.0.1-1",23594,24165,1.02
"2024-03-26 05:33:00","docker","34.0.1-1",23530,24124,1.03
"2024-03-26 05:34:00","docker","34.0.1-1",23466,24047,1.02
"2024-03-26 05:35:00","docker","34.0.1-1",23418,24008,1.03
"2024-03-26 05:36:00","docker","34.0.1-1",23349,23928,1.02
"2024-03-26 05:37:00","docker","34.0.1-1",23299,23886,1.03
"2024-03-26 05:38:00","docker","34.0.1-1",23175,23760,1.03
"2024-03-26 05:39:00","docker","34.0.1-1",23121,23703,1.03
"2024-03-26 05:40:00","docker","34.0.1-1",23024,23592,1.02
"2024-03-26 05:41:00","docker","34.0.1-1",22894,23478,1.03
"2024-03-26 05:42:00","docker","34.0.1-1",22811,23387,1.03
"2024-03-26 05:43:00","docker","34.0.1-1",22687,23256,1.03
"2024-03-26 05:44:00","docker","34.0.1-1",22615,23173,1.02
"2024-03-26 05:45:00","docker","34.0.1-1",22539,23128,1.03
"2024-03-26 05:46:00","docker","34.0.1-1",22457,22982,1.02
"2024-03-26 05:47:00","docker","34.0.1-1",22451,22989,1.02
"2024-03-26 05:48:00","docker","34.0.1-1",22324,22848,1.02
"2024-03-26 05:49:00","docker","34.0.1-1",22228,22763,1.02
"2024-03-26 05:50:00","docker","34.0.1-1",22122,22639,1.02
"2024-03-26 05:51:00","docker","34.0.1-1",22118,22640,1.02
"2024-03-26 05:52:00","docker","34.0.1-1",22038,22565,1.02
"2024-03-26 05:53:00","docker","34.0.1-1",22028,22556,1.02
"2024-03-26 05:54:00","docker","34.0.1-1",21932,22458,1.02
"2024-03-26 05:55:00","docker","34.0.1-1",21867,22385,1.02
"2024-03-26 05:56:00","docker","34.0.1-1",21812,22326,1.02
"2024-03-26 05:57:00","docker","34.0.1-1",21755,22269,1.02
"2024-03-26 05:58:00","docker","34.0.1-1",21691,22203,1.02
"2024-03-26 05:59:00","docker","34.0.1-1",21889,22412,1.02
"2024-03-26 06:00:00","docker","34.0.1-1",22026,22578,1.03
"2024-03-26 06:01:00","docker","34.0.1-1",21959,22494,1.02
"2024-03-26 06:02:00","docker","34.0.1-1",21912,22436,1.02
"2024-03-26 06:03:00","docker","34.0.1-1",21832,22337,1.02
"2024-03-26 06:04:00","docker","34.0.1-1",21783,22297,1.02
"2024-03-26 06:05:00","docker","34.0.1-1",21754,22286,1.02
"2024-03-26 06:06:00","docker","34.0.1-1",21652,22168,1.02
"2024-03-26 06:07:00","docker","34.0.1-1",21649,22163,1.02
"2024-03-26 06:08:00","docker","34.0.1-1",21582,22076,1.02
"2024-03-26 06:09:00","docker","34.0.1-1",21540,22070,1.02
"2024-03-26 06:10:00","docker","34.0.1-1",21539,22074,1.02
"2024-03-26 06:11:00","docker","34.0.1-1",21486,22027,1.03
"2024-03-26 06:12:00","docker","34.0.1-1",21467,21989,1.02
"2024-03-26 06:13:00","docker","34.0.1-1",21350,21882,1.02
"2024-03-26 06:14:00","docker","34.0.1-1",21305,21828,1.02
"2024-03-26 06:15:00","docker","34.0.1-1",21230,21748,1.02
"2024-03-26 06:16:00","docker","34.0.1-1",21192,21713,1.02
"2024-03-26 06:17:00","docker","34.0.1-1",21165,21699,1.03
"2024-03-26 06:18:00","docker","34.0.1-1",21117,21638,1.02
"2024-03-26 06:19:00","docker","34.0.1-1",21101,21638,1.03
"2024-03-26 06:20:00","docker","34.0.1-1",21008,21557,1.03
"2024-03-26 06:21:00","docker","34.0.1-1",20939,21475,1.03
"2024-03-26 06:22:00","docker","34.0.1-1",20885,21430,1.03
"2024-03-26 06:23:00","docker","34.0.1-1",20862,21387,1.03
"2024-03-26 06:24:00","docker","34.0.1-1",20841,21372,1.03
"2024-03-26 06:25:00","docker","34.0.1-1",20773,21306,1.03
"2024-03-26 06:26:00","docker","34.0.1-1",20692,21215,1.03
"2024-03-26 06:27:00","docker","34.0.1-1",20666,21177,1.02
"2024-03-26 06:28:00","docker","34.0.1-1",20640,21144,1.02
"2024-03-26 06:29:00","docker","34.0.1-1",20727,21246,1.03
"2024-03-26 06:30:00","docker","34.0.1-1",20761,21289,1.03
"2024-03-26 06:31:00","docker","34.0.1-1",20695,21213,1.03
"2024-03-26 06:32:00","docker","34.0.1-1",20680,21202,1.03
"2024-03-26 06:33:00","docker","34.0.1-1",20610,21122,1.02
"2024-03-26 06:34:00","docker","34.0.1-1",20597,21100,1.02
"2024-03-26 06:35:00","docker","34.0.1-1",20552,21061,1.02
"2024-03-26 06:36:00","docker","34.0.1-1",20474,20949,1.02
"2024-03-26 06:37:00","docker","34.0.1-1",20363,20841,1.02
"2024-03-26 06:38:00","docker","34.0.1-1",20364,20861,1.02
"2024-03-26 06:39:00","docker","34.0.1-1",20226,20729,1.02
"2024-03-26 06:40:00","docker","34.0.1-1",20219,20752,1.03
"2024-03-26 06:41:00","docker","34.0.1-1",20111,20615,1.03
"2024-03-26 06:42:00","docker","34.0.1-1",20017,20518,1.03
"2024-03-26 06:43:00","docker","34.0.1-1",19897,20394,1.02
"2024-03-26 06:44:00","docker","34.0.1-1",19782,20260,1.02
"2024-03-26 06:45:00","docker","34.0.1-1",19666,20138,1.02
"2024-03-26 06:46:00","docker","34.0.1-1",19678,20152,1.02
"2024-03-26 06:47:00","docker","34.0.1-1",19622,20086,1.02
"2024-03-26 06:48:00","docker","34.0.1-1",19542,20037,1.03
"2024-03-26 06:49:00","docker","34.0.1-1",19557,20066,1.03
"2024-03-26 06:50:00","docker","34.0.1-1",19493,20010,1.03
"2024-03-26 06:51:00","docker","34.0.1-1",19457,19979,1.03
"2024-03-26 06:52:00","docker","34.0.1-1",19431,19937,1.03
"2024-03-26 06:53:00","docker","34.0.1-1",19364,19856,1.03
"2024-03-26 06:54:00","docker","34.0.1-1",19285,19792,1.03
"2024-03-26 06:55:00","docker","34.0.1-1",19217,19730,1.03
"2024-03-26 06:56:00","docker","34.0.1-1",19207,19716,1.03
"2024-03-26 06:57:00","docker","34.0.1-1",19149,19671,1.03
"2024-03-26 06:58:00","docker","34.0.1-1",19054,19545,1.03
"2024-03-26 06:59:00","docker","34.0.1-1",19330,19850,1.03
"2024-03-26 07:00:00","docker","34.0.1-1",19408,19945,1.03
"2024-03-26 07:01:00","docker","34.0.1-1",19351,19863,1.03
"2024-03-26 07:02:00","docker","34.0.1-1",19354,19875,1.03
"2024-03-26 07:03:00","docker","34.0.1-1",19337,19860,1.03
"2024-03-26 07:04:00","docker","34.0.1-1",19365,19883,1.03
"2024-03-26 07:05:00","docker","34.0.1-1",19334,19853,1.03
"2024-03-26 07:06:00","docker","34.0.1-1",19294,19813,1.03
"2024-03-26 07:07:00","docker","34.0.1-1",19267,19746,1.02
"2024-03-26 07:08:00","docker","34.0.1-1",19188,19658,1.02
"2024-03-26 07:09:00","docker","34.0.1-1",19174,19662,1.03
"2024-03-26 07:10:00","docker","34.0.1-1",19123,19594,1.02
"2024-03-26 07:11:00","docker","34.0.1-1",19057,19532,1.02
"2024-03-26 07:12:00","docker","34.0.1-1",19049,19523,1.02
"2024-03-26 07:13:00","docker","34.0.1-1",18987,19452,1.02
"2024-03-26 07:14:00","docker","34.0.1-1",19020,19523,1.03
"2024-03-26 07:15:00","docker","34.0.1-1",19008,19537,1.03
"2024-03-26 07:16:00","docker","34.0.1-1",18925,19463,1.03
"2024-03-26 07:17:00","docker","34.0.1-1",18894,19374,1.03
"2024-03-26 07:18:00","docker","34.0.1-1",18909,19394,1.03
"2024-03-26 07:19:00","docker","34.0.1-1",18860,19331,1.02
"2024-03-26 07:20:00","docker","34.0.1-1",18820,19303,1.03
"2024-03-26 07:21:00","docker","34.0.1-1",18772,19245,1.03
"2024-03-26 07:22:00","docker","34.0.1-1",18731,19191,1.02
"2024-03-26 07:23:00","docker","34.0.1-1",18695,19186,1.03
"2024-03-26 07:24:00","docker","34.0.1-1",18701,19186,1.03
"2024-03-26 07:25:00","docker","34.0.1-1",18667,19152,1.03
"2024-03-26 07:26:00","docker","34.0.1-1",18602,19099,1.03
"2024-03-26 07:27:00","docker","34.0.1-1",18561,19047,1.03
"2024-03-26 07:28:00","docker","34.0.1-1",18540,19041,1.03
"2024-03-26 07:29:00","docker","34.0.1-1",18590,19103,1.03
"2024-03-26 07:30:00","docker","34.0.1-1",18568,19082,1.03
"2024-03-26 07:31:00","docker","34.0.1-1",18568,19066,1.03
"2024-03-26 07:32:00","docker","34.0.1-1",18529,19029,1.03
"2024-03-26 07:33:00","docker","34.0.1-1",18555,19047,1.03
"2024-03-26 07:34:00","docker","34.0.1-1",18520,19018,1.03
"2024-03-26 07:35:00","docker","34.0.1-1",18451,18954,1.03
"2024-03-26 07:36:00","docker","34.0.1-1",18418,18905,1.03
"2024-03-26 07:37:00","docker","34.0.1-1",18415,18947,1.03
"2024-03-26 07:38:00","docker","34.0.1-1",18390,18873,1.03
"2024-03-26 07:39:00","docker","34.0.1-1",18316,18788,1.03
"2024-03-26 07:40:00","docker","34.0.1-1",18245,18683,1.02
"2024-03-26 07:41:00","docker","34.0.1-1",18189,18629,1.02
"2024-03-26 07:42:00","docker","34.0.1-1",18146,18583,1.02
"2024-03-26 07:43:00","docker","34.0.1-1",18103,18534,1.02
"2024-03-26 07:44:00","docker","34.0.1-1",18015,18442,1.02
"2024-03-26 07:45:00","docker","34.0.1-1",17980,18432,1.03
"2024-03-26 07:46:00","docker","34.0.1-1",17910,18338,1.02
"2024-03-26 07:47:00","docker","34.0.1-1",17902,18349,1.02
"2024-03-26 07:48:00","docker","34.0.1-1",17893,18353,1.03
"2024-03-26 07:49:00","docker","34.0.1-1",17827,18265,1.02
"2024-03-26 07:50:00","docker","34.0.1-1",17790,18239,1.03
"2024-03-26 07:51:00","docker","34.0.1-1",17774,18187,1.02
"2024-03-26 07:52:00","docker","34.0.1-1",17736,18142,1.02
"2024-03-26 07:53:00","docker","34.0.1-1",17734,18146,1.02
"2024-03-26 07:54:00","docker","34.0.1-1",17720,18137,1.02
"2024-03-26 07:55:00","docker","34.0.1-1",17693,18090,1.02
"2024-03-26 07:56:00","docker","34.0.1-1",17667,18057,1.02
"2024-03-26 07:57:00","docker","34.0.1-1",17606,18022,1.02
"2024-03-26 07:58:00","docker","34.0.1-1",17604,18047,1.03
"2024-03-26 07:59:00","docker","34.0.1-1",17774,18219,1.03
"2024-03-26 08:00:00","docker","34.0.1-1",17880,18305,1.02
"2024-03-26 08:01:00","docker","34.0.1-1",17849,18289,1.02
"2024-03-26 08:02:00","docker","34.0.1-1",17795,18210,1.02
"2024-03-26 08:03:00","docker","34.0.1-1",17778,18210,1.02
"2024-03-26 08:04:00","docker","34.0.1-1",17790,18230,1.02
"2024-03-26 08:05:00","docker","34.0.1-1",17726,18167,1.02
"2024-03-26 08:06:00","docker","34.0.1-1",17717,18147,1.02
"2024-03-26 08:07:00","docker","34.0.1-1",17662,18098,1.02
"2024-03-26 08:08:00","docker","34.0.1-1",17621,18039,1.02
"2024-03-26 08:09:00","docker","34.0.1-1",17639,18061,1.02
"2024-03-26 08:10:00","docker","34.0.1-1",17635,18073,1.02
"2024-03-26 08:11:00","docker","34.0.1-1",17573,17998,1.02
"2024-03-26 08:12:00","docker","34.0.1-1",17545,17975,1.02
"2024-03-26 08:13:00","docker","34.0.1-1",17547,17988,1.03
"2024-03-26 08:14:00","docker","34.0.1-1",17505,17947,1.03
"2024-03-26 08:15:00","docker","34.0.1-1",17426,17866,1.03
"2024-03-26 08:16:00","docker","34.0.1-1",17350,17754,1.02
"2024-03-26 08:17:00","docker","34.0.1-1",17262,17663,1.02
"2024-03-26 08:18:00","docker","34.0.1-1",17275,17691,1.02
"2024-03-26 08:19:00","docker","34.0.1-1",17284,17703,1.02
"2024-03-26 08:20:00","docker","34.0.1-1",17213,17613,1.02
"2024-03-26 08:21:00","docker","34.0.1-1",17194,17583,1.02
"2024-03-26 08:22:00","docker","34.0.1-1",17189,17606,1.02
"2024-03-26 08:23:00","docker","34.0.1-1",17169,17599,1.03
"2024-03-26 08:24:00","docker","34.0.1-1",17142,17532,1.02
"2024-03-26 08:25:00","docker","34.0.1-1",17104,17531,1.02
"2024-03-26 08:26:00","docker","34.0.1-1",17073,17491,1.02
"2024-03-26 08:27:00","docker","34.0.1-1",17040,17435,1.02
"2024-03-26 08:28:00","docker","34.0.1-1",16995,17402,1.02
"2024-03-26 08:29:00","docker","34.0.1-1",17118,17531,1.02
"2024-03-26 08:30:00","docker","34.0.1-1",17177,17626,1.03
"2024-03-26 08:31:00","docker","34.0.1-1",17139,17585,1.03
"2024-03-26 08:32:00","docker","34.0.1-1",17146,17603,1.03
"2024-03-26 08:33:00","docker","34.0.1-1",17139,17595,1.03
"2024-03-26 08:34:00","docker","34.0.1-1",17101,17551,1.03
"2024-03-26 08:35:00","docker","34.0.1-1",17111,17567,1.03
"2024-03-26 08:36:00","docker","34.0.1-1",17069,17536,1.03
"2024-03-26 08:37:00","docker","34.0.1-1",17036,17498,1.03
"2024-03-26 08:38:00","docker","34.0.1-1",16955,17407,1.03
"2024-03-26 08:39:00","docker","34.0.1-1",16955,17399,1.03
"2024-03-26 08:40:00","docker","34.0.1-1",16916,17376,1.03
"2024-03-26 08:41:00","docker","34.0.1-1",16813,17246,1.03
"2024-03-26 08:42:00","docker","34.0.1-1",16748,17201,1.03
"2024-03-26 08:43:00","docker","34.0.1-1",16709,17166,1.03
"2024-03-26 08:44:00","docker","34.0.1-1",16698,17179,1.03
"2024-03-26 08:45:00","docker","34.0.1-1",16639,17099,1.03
"2024-03-26 08:46:00","docker","34.0.1-1",16566,17033,1.03
"2024-03-26 08:47:00","docker","34.0.1-1",16540,16984,1.03
"2024-03-26 08:48:00","docker","34.0.1-1",16555,16992,1.03
"2024-03-26 08:49:00","docker","34.0.1-1",16475,16900,1.03
"2024-03-26 08:50:00","docker","34.0.1-1",16451,16880,1.03
"2024-03-26 08:51:00","docker","34.0.1-1",16374,16784,1.03
"2024-03-26 08:52:00","docker","34.0.1-1",16382,16796,1.03
"2024-03-26 08:53:00","docker","34.0.1-1",16321,16737,1.03
"2024-03-26 08:54:00","docker","34.0.1-1",16319,16741,1.03
"2024-03-26 08:55:00","docker","34.0.1-1",16279,16689,1.03
"2024-03-26 08:56:00","docker","34.0.1-1",16332,16748,1.03
"2024-03-26 08:57:00","docker","34.0.1-1",16282,16685,1.02
"2024-03-26 08:58:00","docker","34.0.1-1",16237,16638,1.02
"2024-03-26 08:59:00","docker","34.0.1-1",16441,16864,1.03
"2024-03-26 09:00:00","docker","34.0.1-1",16477,16889,1.03
"2024-03-26 09:01:00","docker","34.0.1-1",16431,16824,1.02
"2024-03-26 09:02:00","docker","34.0.1-1",16425,16819,1.02
"2024-03-26 09:03:00","docker","34.0.1-1",16481,16901,1.03
"2024-03-26 09:04:00","docker","34.0.1-1",16462,16909,1.03
"2024-03-26 09:05:00","docker","34.0.1-1",16490,16919,1.03
"2024-03-26 09:06:00","docker","34.0.1-1",16442,16876,1.03
"2024-03-26 09:07:00","docker","34.0.1-1",16434,16866,1.03
"2024-03-26 09:08:00","docker","34.0.1-1",16406,16841,1.03
"2024-03-26 09:09:00","docker","34.0.1-1",16437,16878,1.03
"2024-03-26 09:10:00","docker","34.0.1-1",16411,16847,1.03
"2024-03-26 09:11:00","docker","34.0.1-1",16364,16804,1.03
"2024-03-26 09:12:00","docker","34.0.1-1",16368,16838,1.03
"2024-03-26 09:13:00","docker","34.0.1-1",16317,16764,1.03
"2024-03-26 09:14:00","docker","34.0.1-1",16296,16743,1.03
"2024-03-26 09:15:00","docker","34.0.1-1",16302,16759,1.03
"2024-03-26 09:16:00","docker","34.0.1-1",16311,16779,1.03
"2024-03-26 09:17:00","docker","34.0.1-1",16305,16774,1.03
"2024-03-26 09:18:00","docker","34.0.1-1",16324,16777,1.03
"2024-03-26 09:19:00","docker","34.0.1-1",16279,16753,1.03
"2024-03-26 09:20:00","docker","34.0.1-1",16259,16701,1.03
"2024-03-26 09:21:00","docker","34.0.1-1",16221,16669,1.03
"2024-03-26 09:22:00","docker","34.0.1-1",16220,16667,1.03
"2024-03-26 09:23:00","docker","34.0.1-1",16200,16657,1.03
"2024-03-26 09:24:00","docker","34.0.1-1",16162,16589,1.03
"2024-03-26 09:25:00","docker","34.0.1-1",16143,16553,1.03
"2024-03-26 09:26:00","docker","34.0.1-1",16116,16524,1.03
"2024-03-26 09:27:00","docker","34.0.1-1",16034,16428,1.02
"2024-03-26 09:28:00","docker","34.0.1-1",16066,16462,1.02
"2024-03-26 09:29:00","docker","34.0.1-1",16123,16533,1.03
"2024-03-26 09:30:00","docker","34.0.1-1",16184,16613,1.03
"2024-03-26 09:31:00","docker","34.0.1-1",16169,16578,1.03
"2024-03-26 09:32:00","docker","34.0.1-1",16144,16556,1.03
"2024-03-26 09:33:00","docker","34.0.1-1",16139,16553,1.03
"2024-03-26 09:34:00","docker","34.0.1-1",16176,16611,1.03
"2024-03-26 09:35:00","docker","34.0.1-1",16154,16608,1.03
"2024-03-26 09:36:00","docker","34.0.1-1",16138,16589,1.03
"2024-03-26 09:37:00","docker","34.0.1-1",16129,16577,1.03
"2024-03-26 09:38:00","docker","34.0.1-1",16136,16580,1.03
"2024-03-26 09:39:00","docker","34.0.1-1",16076,16539,1.03
"2024-03-26 09:40:00","docker","34.0.1-1",16062,16494,1.03
"2024-03-26 09:41:00","docker","34.0.1-1",16034,16472,1.03
"2024-03-26 09:42:00","docker","34.0.1-1",15985,16430,1.03
"2024-03-26 09:43:00","docker","34.0.1-1",15934,16367,1.03
"2024-03-26 09:44:00","docker","34.0.1-1",15939,16363,1.03
"2024-03-26 09:45:00","docker","34.0.1-1",15966,16384,1.03
"2024-03-26 09:46:00","docker","34.0.1-1",15875,16279,1.03
"2024-03-26 09:47:00","docker","34.0.1-1",15798,16204,1.03
"2024-03-26 09:48:00","docker","34.0.1-1",15796,16244,1.03
"2024-03-26 09:49:00","docker","34.0.1-1",15789,16222,1.03
"2024-03-26 09:50:00","docker","34.0.1-1",15781,16215,1.03
"2024-03-26 09:51:00","docker","34.0.1-1",15820,16252,1.03
"2024-03-26 09:52:00","docker","34.0.1-1",15804,16257,1.03
"2024-03-26 09:53:00","docker","34.0.1-1",15802,16230,1.03
"2024-03-26 09:54:00","docker","34.0.1-1",15794,16227,1.03
"2024-03-26 09:55:00","docker","34.0.1-1",15796,16208,1.03
"2024-03-26 09:56:00","docker","34.0.1-1",15731,16145,1.03
"2024-03-26 09:57:00","docker","34.0.1-1",15742,16136,1.03
"2024-03-26 09:58:00","docker","34.0.1-1",15669,16055,1.02
"2024-03-26 09:59:00","docker","34.0.1-1",15838,16224,1.02
"2024-03-26 10:00:00","docker","34.0.1-1",15903,16314,1.03
"2024-03-26 10:01:00","docker","34.0.1-1",15887,16292,1.03
"2024-03-26 10:02:00","docker","34.0.1-1",15908,16298,1.02
"2024-03-26 10:03:00","docker","34.0.1-1",15897,16299,1.03
"2024-03-26 10:04:00","docker","34.0.1-1",15968,16400,1.03
"2024-03-26 10:05:00","docker","34.0.1-1",15940,16343,1.03
"2024-03-26 10:06:00","docker","34.0.1-1",15943,16368,1.03
"2024-03-26 10:07:00","docker","34.0.1-1",15921,16332,1.03
"2024-03-26 10:08:00","docker","34.0.1-1",15930,16318,1.02
"2024-03-26 10:09:00","docker","34.0.1-1",15912,16313,1.03
"2024-03-26 10:10:00","docker","34.0.1-1",15922,16328,1.03
"2024-03-26 10:11:00","docker","34.0.1-1",15953,16397,1.03
"2024-03-26 10:12:00","docker","34.0.1-1",15941,16383,1.03
"2024-03-26 10:13:00","docker","34.0.1-1",15908,16375,1.03
"2024-03-26 10:14:00","docker","34.0.1-1",15910,16369,1.03
"2024-03-26 10:15:00","docker","34.0.1-1",15873,16335,1.03
"2024-03-26 10:16:00","docker","34.0.1-1",15817,16270,1.03
"2024-03-26 10:17:00","docker","34.0.1-1",15787,16237,1.03
"2024-03-26 10:18:00","docker","34.0.1-1",15814,16258,1.03
"2024-03-26 10:19:00","docker","34.0.1-1",15853,16277,1.03
"2024-03-26 10:20:00","docker","34.0.1-1",15788,16217,1.03
"2024-03-26 10:21:00","docker","34.0.1-1",15810,16250,1.03
"2024-03-26 10:22:00","docker","34.0.1-1",15775,16196,1.03
"2024-03-26 10:23:00","docker","34.0.1-1",15774,16195,1.03
"2024-03-26 10:24:00","docker","34.0.1-1",15748,16178,1.03
"2024-03-26 10:25:00","docker","34.0.1-1",15742,16149,1.03
"2024-03-26 10:26:00","docker","34.0.1-1",15733,16158,1.03
"2024-03-26 10:27:00","docker","34.0.1-1",15779,16175,1.03
"2024-03-26 10:28:00","docker","34.0.1-1",15779,16191,1.03
"2024-03-26 10:29:00","docker","34.0.1-1",15821,16241,1.03
"2024-03-26 10:30:00","docker","34.0.1-1",15853,16284,1.03
"2024-03-26 10:31:00","docker","34.0.1-1",15819,16239,1.03
"2024-03-26 10:32:00","docker","34.0.1-1",15825,16220,1.02
"2024-03-26 10:33:00","docker","34.0.1-1",15834,16226,1.02
"2024-03-26 10:34:00","docker","34.0.1-1",15852,16247,1.02
"2024-03-26 10:35:00","docker","34.0.1-1",15840,16227,1.02
"2024-03-26 10:36:00","docker","34.0.1-1",15897,16292,1.02
"2024-03-26 10:37:00","docker","34.0.1-1",15856,16244,1.02
"2024-03-26 10:38:00","docker","34.0.1-1",15918,16363,1.03
"2024-03-26 10:39:00","docker","34.0.1-1",15906,16341,1.03
"2024-03-26 10:40:00","docker","34.0.1-1",15884,16334,1.03
"2024-03-26 10:41:00","docker","34.0.1-1",15876,16293,1.03
"2024-03-26 10:42:00","docker","34.0.1-1",15795,16235,1.03
"2024-03-26 10:43:00","docker","34.0.1-1",15798,16205,1.03
"2024-03-26 10:44:00","docker","34.0.1-1",15735,16133,1.03
"2024-03-26 10:45:00","docker","34.0.1-1",15714,16108,1.03
"2024-03-26 10:46:00","docker","34.0.1-1",15760,16158,1.03
"2024-03-26 10:47:00","docker","34.0.1-1",15744,16138,1.03
"2024-03-26 10:48:00","docker","34.0.1-1",15761,16173,1.03
"2024-03-26 10:49:00","docker","34.0.1-1",15800,16233,1.03
"2024-03-26 10:50:00","docker","34.0.1-1",15843,16266,1.03
"2024-03-26 10:51:00","docker","34.0.1-1",15846,16266,1.03
"2024-03-26 10:52:00","docker","34.0.1-1",15826,16205,1.02
"2024-03-26 10:53:00","docker","34.0.1-1",15780,16157,1.02
"2024-03-26 10:54:00","docker","34.0.1-1",15805,16176,1.02
"2024-03-26 10:55:00","docker","34.0.1-1",15832,16207,1.02
"2024-03-26 10:56:00","docker","34.0.1-1",15838,16229,1.02
"2024-03-26 10:57:00","docker","34.0.1-1",15847,16216,1.02
"2024-03-26 10:58:00","docker","34.0.1-1",15825,16180,1.02
"2024-03-26 10:59:00","docker","34.0.1-1",15979,16359,1.02
"2024-03-26 11:00:00","docker","34.0.1-1",16044,16433,1.02
"2024-03-26 11:01:00","docker","34.0.1-1",16050,16436,1.02
"2024-03-26 11:02:00","docker","34.0.1-1",16041,16412,1.02
"2024-03-26 11:03:00","docker","34.0.1-1",16039,16421,1.02
"2024-03-26 11:04:00","docker","34.0.1-1",16040,16432,1.02
"2024-03-26 11:05:00","docker","34.0.1-1",16024,16405,1.02
"2024-03-26 11:06:00","docker","34.0.1-1",16014,16418,1.03
"2024-03-26 11:07:00","docker","34.0.1-1",16080,16492,1.03
"2024-03-26 11:08:00","docker","34.0.1-1",16090,16492,1.02
"2024-03-26 11:09:00","docker","34.0.1-1",16091,16489,1.02
"2024-03-26 11:10:00","docker","34.0.1-1",16176,16592,1.03
"2024-03-26 11:11:00","docker","34.0.1-1",16126,16538,1.03
"2024-03-26 11:12:00","docker","34.0.1-1",16178,16599,1.03
"2024-03-26 11:13:00","docker","34.0.1-1",16158,16580,1.03
"2024-03-26 11:14:00","docker","34.0.1-1",16160,16578,1.03
"2024-03-26 11:15:00","docker","34.0.1-1",16200,16629,1.03
"2024-03-26 11:16:00","docker","34.0.1-1",16190,16597,1.03
"2024-03-26 11:17:00","docker","34.0.1-1",16214,16601,1.02
"2024-03-26 11:18:00","docker","34.0.1-1",16225,16617,1.02
"2024-03-26 11:19:00","docker","34.0.1-1",16235,16623,1.02
"2024-03-26 11:20:00","docker","34.0.1-1",16213,16605,1.02
"2024-03-26 11:21:00","docker","34.0.1-1",16200,16606,1.03
"2024-03-26 11:22:00","docker","34.0.1-1",16189,16575,1.02
"2024-03-26 11:23:00","docker","34.0.1-1",16291,16686,1.02
"2024-03-26 11:24:00","docker","34.0.1-1",16306,16702,1.02
"2024-03-26 11:25:00","docker","34.0.1-1",16289,16669,1.02
"2024-03-26 11:26:00","docker","34.0.1-1",16271,16657,1.02
"2024-03-26 11:27:00","docker","34.0.1-1",16293,16697,1.02
"2024-03-26 11:28:00","docker","34.0.1-1",16315,16715,1.02
"2024-03-26 11:29:00","docker","34.0.1-1",16375,16772,1.02
"2024-03-26 11:30:00","docker","34.0.1-1",16497,16894,1.02
"2024-03-26 11:31:00","docker","34.0.1-1",16503,16928,1.03
"2024-03-26 11:32:00","docker","34.0.1-1",16505,16914,1.02
"2024-03-26 11:33:00","docker","34.0.1-1",16514,16914,1.02
"2024-03-26 11:34:00","docker","34.0.1-1",16504,16916,1.02
"2024-03-26 11:35:00","docker","34.0.1-1",16552,16964,1.02
"2024-03-26 11:36:00","docker","34.0.1-1",16589,16996,1.02
"2024-03-26 11:37:00","docker","34.0.1-1",16598,17010,1.02
"2024-03-26 11:38:00","docker","34.0.1-1",16632,17065,1.03
"2024-03-26 11:39:00","docker","34.0.1-1",16618,17042,1.03
"2024-03-26 11:40:00","docker","34.0.1-1",16677,17110,1.03
"2024-03-26 11:41:00","docker","34.0.1-1",16652,17061,1.02
"2024-03-26 11:42:00","docker","34.0.1-1",16691,17109,1.03
"2024-03-26 11:43:00","docker","34.0.1-1",16694,17120,1.03
"2024-03-26 11:44:00","docker","34.0.1-1",16761,17189,1.03
"2024-03-26 11:45:00","docker","34.0.1-1",16757,17190,1.03
"2024-03-26 11:46:00","docker","34.0.1-1",16739,17140,1.02
"2024-03-26 11:47:00","docker","34.0.1-1",16744,17137,1.02
"2024-03-26 11:48:00","docker","34.0.1-1",16760,17155,1.02
"2024-03-26 11:49:00","docker","34.0.1-1",16815,17236,1.03
"2024-03-26 11:50:00","docker","34.0.1-1",16851,17263,1.02
"2024-03-26 11:51:00","docker","34.0.1-1",16851,17252,1.02
"2024-03-26 11:52:00","docker","34.0.1-1",16915,17318,1.02
"2024-03-26 11:53:00","docker","34.0.1-1",16921,17343,1.02
"2024-03-26 11:54:00","docker","34.0.1-1",16953,17369,1.02
"2024-03-26 11:55:00","docker","34.0.1-1",16983,17399,1.02
"2024-03-26 11:56:00","docker","34.0.1-1",16970,17409,1.03
"2024-03-26 11:57:00","docker","34.0.1-1",16982,17421,1.03
"2024-03-26 11:58:00","docker","34.0.1-1",16995,17427,1.03
"2024-03-26 11:59:00","docker","34.0.1-1",17157,17609,1.03
"2024-03-26 12:00:00","docker","34.0.1-1",17233,17675,1.03
"2024-03-26 12:01:00","docker","34.0.1-1",17289,17728,1.03
"2024-03-26 12:02:00","docker","34.0.1-1",17278,17733,1.03
"2024-03-26 12:03:00","docker","34.0.1-1",17288,17719,1.02
"2024-03-26 12:04:00","docker","34.0.1-1",17328,17763,1.03
"2024-03-26 12:05:00","docker","34.0.1-1",17333,17788,1.03
"2024-03-26 12:06:00","docker","34.0.1-1",17360,17809,1.03
"2024-03-26 12:07:00","docker","34.0.1-1",17424,17855,1.02
"2024-03-26 12:08:00","docker","34.0.1-1",17470,17905,1.02
"2024-03-26 12:09:00","docker","34.0.1-1",17588,18036,1.03
"2024-03-26 12:10:00","docker","34.0.1-1",17631,18088,1.03
"2024-03-26 12:11:00","docker","34.0.1-1",17676,18129,1.03
"2024-03-26 12:12:00","docker","34.0.1-1",17722,18172,1.03
"2024-03-26 12:13:00","docker","34.0.1-1",17711,18167,1.03
"2024-03-26 12:14:00","docker","34.0.1-1",17761,18213,1.03
"2024-03-26 12:15:00","docker","34.0.1-1",17731,18168,1.02
"2024-03-26 12:16:00","docker","34.0.1-1",17764,18212,1.03
"2024-03-26 12:17:00","docker","34.0.1-1",17903,18347,1.02
"2024-03-26 12:18:00","docker","34.0.1-1",17888,18338,1.03
"2024-03-26 12:19:00","docker","34.0.1-1",17852,18297,1.02
"2024-03-26 12:20:00","docker","34.0.1-1",17908,18372,1.03
"2024-03-26 12:21:00","docker","34.0.1-1",17905,18328,1.02
"2024-03-26 12:22:00","docker","34.0.1-1",17980,18402,1.02
"2024-03-26 12:23:00","docker","34.0.1-1",17994,18435,1.02
"2024-03-26 12:24:00","docker","34.0.1-1",18042,18499,1.03
"2024-03-26 12:25:00","docker","34.0.1-1",18070,18518,1.02
"2024-03-26 12:26:00","docker","34.0.1-1",18118,18540,1.02
"2024-03-26 12:27:00","docker","34.0.1-1",18127,18572,1.02
"2024-03-26 12:28:00","docker","34.0.1-1",18132,18539,1.02
"2024-03-26 12:29:00","docker","34.0.1-1",18225,18670,1.02
"2024-03-26 12:30:00","docker","34.0.1-1",18299,18744,1.02
"2024-03-26 12:31:00","docker","34.0.1-1",18254,18700,1.02
"2024-03-26 12:32:00","docker","34.0.1-1",18334,18785,1.02
"2024-03-26 12:33:00","docker","34.0.1-1",18389,18841,1.02
"2024-03-26 12:34:00","docker","34.0.1-1",18421,18876,1.02
"2024-03-26 12:35:00","docker","34.0.1-1",18457,18924,1.03
"2024-03-26 12:36:00","docker","34.0.1-1",18459,18925,1.03
"2024-03-26 12:37:00","docker","34.0.1-1",18445,18901,1.02
"2024-03-26 12:38:00","docker","34.0.1-1",18485,18923,1.02
"2024-03-26 12:39:00","docker","34.0.1-1",18540,18975,1.02
"2024-03-26 12:40:00","docker","34.0.1-1",18568,19008,1.02
"2024-03-26 12:41:00","docker","34.0.1-1",18630,19100,1.03
"2024-03-26 12:42:00","docker","34.0.1-1",18657,19114,1.02
"2024-03-26 12:43:00","docker","34.0.1-1",18645,19085,1.02
"2024-03-26 12:44:00","docker","34.0.1-1",18705,19154,1.02
"2024-03-26 12:45:00","docker","34.0.1-1",18682,19110,1.02
"2024-03-26 12:46:00","docker","34.0.1-1",18694,19107,1.02
"2024-03-26 12:47:00","docker","34.0.1-1",18720,19171,1.02
"2024-03-26 12:48:00","docker","34.0.1-1",18776,19193,1.02
"2024-03-26 12:49:00","docker","34.0.1-1",18802,19210,1.02
"2024-03-26 12:50:00","docker","34.0.1-1",18838,19281,1.02
"2024-03-26 12:51:00","docker","34.0.1-1",18839,19276,1.02
"2024-03-26 12:52:00","docker","34.0.1-1",18860,19291,1.02
"2024-03-26 12:53:00","docker","34.0.1-1",18927,19342,1.02
"2024-03-26 12:54:00","docker","34.0.1-1",18973,19420,1.02
"2024-03-26 12:55:00","docker","34.0.1-1",18993,19442,1.02
"2024-03-26 12:56:00","docker","34.0.1-1",19069,19513,1.02
"2024-03-26 12:57:00","docker","34.0.1-1",19053,19498,1.02
"2024-03-26 12:58:00","docker","34.0.1-1",19056,19512,1.02
"2024-03-26 12:59:00","docker","34.0.1-1",19098,19556,1.02
"2024-03-26 13:00:00","docker","34.0.1-1",19204,19659,1.02
"2024-03-26 13:01:00","docker","34.0.1-1",19211,19652,1.02
"2024-03-26 13:02:00","docker","34.0.1-1",19224,19668,1.02
"2024-03-26 13:03:00","docker","34.0.1-1",19237,19677,1.02
"2024-03-26 13:04:00","docker","34.0.1-1",19257,19680,1.02
"2024-03-26 13:05:00","docker","34.0.1-1",19321,19778,1.02
"2024-03-26 13:06:00","docker","34.0.1-1",19356,19790,1.02
"2024-03-26 13:07:00","docker","34.0.1-1",19373,19789,1.02
"2024-03-26 13:08:00","docker","34.0.1-1",19471,19899,1.02
"2024-03-26 13:09:00","docker","34.0.1-1",19515,19955,1.02
"2024-03-26 13:10:00","docker","34.0.1-1",19629,20072,1.02
"2024-03-26 13:11:00","docker","34.0.1-1",19650,20079,1.02
"2024-03-26 13:12:00","docker","34.0.1-1",19709,20145,1.02
"2024-03-26 13:13:00","docker","34.0.1-1",19725,20148,1.02
"2024-03-26 13:14:00","docker","34.0.1-1",19804,20253,1.02
"2024-03-26 13:15:00","docker","34.0.1-1",19841,20302,1.02
"2024-03-26 13:16:00","docker","34.0.1-1",19850,20307,1.02
"2024-03-26 13:17:00","docker","34.0.1-1",19911,20372,1.02
"2024-03-26 13:18:00","docker","34.0.1-1",19951,20410,1.02
"2024-03-26 13:19:00","docker","34.0.1-1",19959,20395,1.02
"2024-03-26 13:20:00","docker","34.0.1-1",19944,20392,1.02
"2024-03-26 13:21:00","docker","34.0.1-1",20002,20443,1.02
"2024-03-26 13:22:00","docker","34.0.1-1",20078,20525,1.02
"2024-03-26 13:23:00","docker","34.0.1-1",20141,20601,1.02
"2024-03-26 13:24:00","docker","34.0.1-1",20170,20632,1.02
"2024-03-26 13:25:00","docker","34.0.1-1",20154,20586,1.02
"2024-03-26 13:26:00","docker","34.0.1-1",20251,20715,1.02
"2024-03-26 13:27:00","docker","34.0.1-1",20304,20755,1.02
"2024-03-26 13:28:00","docker","34.0.1-1",20350,20798,1.02
"2024-03-26 13:29:00","docker","34.0.1-1",20403,20870,1.02
"2024-03-26 13:30:00","docker","34.0.1-1",20429,20894,1.02
"2024-03-26 13:31:00","docker","34.0.1-1",20373,20837,1.02
"2024-03-26 13:32:00","docker","34.0.1-1",20439,20892,1.02
"2024-03-26 13:33:00","docker","34.0.1-1",20485,20939,1.02
"2024-03-26 13:34:00","docker","34.0.1-1",20504,20983,1.02
"2024-03-26 13:35:00","docker","34.0.1-1",20563,21025,1.02
"2024-03-26 13:36:00","docker","34.0.1-1",20600,21068,1.02
"2024-03-26 13:37:00","docker","34.0.1-1",20637,21090,1.02
"2024-03-26 13:38:00","docker","34.0.1-1",20684,21161,1.02
"2024-03-26 13:39:00","docker","34.0.1-1",20761,21229,1.02
"2024-03-26 13:40:00","docker","34.0.1-1",20883,21362,1.02
"2024-03-26 13:41:00","docker","34.0.1-1",20833,21310,1.02
"2024-03-26 13:42:00","docker","34.0.1-1",20851,21327,1.02
"2024-03-26 13:43:00","docker","34.0.1-1",20858,21324,1.02
"2024-03-26 13:44:00","docker","34.0.1-1",20845,21336,1.02
"2024-03-26 13:45:00","docker","34.0.1-1",20843,21338,1.02
"2024-03-26 13:46:00","docker","34.0.1-1",20905,21396,1.02
"2024-03-26 13:47:00","docker","34.0.1-1",21001,21509,1.02
"2024-03-26 13:48:00","docker","34.0.1-1",21003,21495,1.02
"2024-03-26 13:49:00","docker","34.0.1-1",21068,21565,1.02
"2024-03-26 13:50:00","docker","34.0.1-1",21067,21552,1.02
"2024-03-26 13:51:00","docker","34.0.1-1",21122,21613,1.02
"2024-03-26 13:52:00","docker","34.0.1-1",21141,21618,1.02
"2024-03-26 13:53:00","docker","34.0.1-1",21141,21622,1.02
"2024-03-26 13:54:00","docker","34.0.1-1",21207,21710,1.02
"2024-03-26 13:55:00","docker","34.0.1-1",21230,21726,1.02
"2024-03-26 13:56:00","docker","34.0.1-1",21322,21803,1.02
"2024-03-26 13:57:00","docker","34.0.1-1",21324,21801,1.02
"2024-03-26 13:58:00","docker","34.0.1-1",21369,21872,1.02
"2024-03-26 13:59:00","docker","34.0.1-1",21422,21926,1.02
"2024-03-26 14:00:00","docker","34.0.1-1",21542,22070,1.02
"2024-03-26 14:01:00","docker","34.0.1-1",21548,22073,1.02
"2024-03-26 14:02:00","docker","34.0.1-1",21561,22089,1.02
"2024-03-26 14:03:00","docker","34.0.1-1",21595,22084,1.02
"2024-03-26 14:04:00","docker","34.0.1-1",21585,22098,1.02
"2024-03-26 14:05:00","docker","34.0.1-1",21618,22140,1.02
"2024-03-26 14:06:00","docker","34.0.1-1",21696,22197,1.02
"2024-03-26 14:07:00","docker","34.0.1-1",21761,22266,1.02
"2024-03-26 14:08:00","docker","34.0.1-1",21798,22297,1.02
"2024-03-26 14:09:00","docker","34.0.1-1",21864,22378,1.02
"2024-03-26 14:10:00","docker","34.0.1-1",21958,22480,1.02
"2024-03-26 14:11:00","docker","34.0.1-1",21957,22481,1.02
"2024-03-26 14:12:00","docker","34.0.1-1",22035,22555,1.02
"2024-03-26 14:13:00","docker","34.0.1-1",22054,22565,1.02
"2024-03-26 14:14:00","docker","34.0.1-1",22079,22617,1.02
"2024-03-26 14:15:00","docker","34.0.1-1",22066,22587,1.02
"2024-03-26 14:16:00","docker","34.0.1-1",22174,22697,1.02
"2024-03-26 14:17:00","docker","34.0.1-1",22248,22770,1.02
"2024-03-26 14:18:00","docker","34.0.1-1",22298,22826,1.02
"2024-03-26 14:19:00","docker","34.0.1-1",22321,22848,1.02
"2024-03-26 14:20:00","docker","34.0.1-1",22324,22836,1.02
"2024-03-26 14:21:00","docker","34.0.1-1",22406,22898,1.02
"2024-03-26 14:22:00","docker","34.0.1-1",22463,22991,1.02
"2024-03-26 14:23:00","docker","34.0.1-1",22485,22991,1.02
"2024-03-26 14:24:00","docker","34.0.1-1",22592,23121,1.02
"2024-03-26 14:25:00","docker","34.0.1-1",22572,23115,1.02
"2024-03-26 14:26:00","docker","34.0.1-1",22602,23133,1.02
"2024-03-26 14:27:00","docker","34.0.1-1",22597,23137,1.02
"2024-03-26 14:28:00","docker","34.0.1-1",22649,23167,1.02
"2024-03-26 14:29:00","docker","34.0.1-1",22688,23232,1.02
"2024-03-26 14:30:00","docker","34.0.1-1",22693,23227,1.02
"2024-03-26 14:31:00","docker","34.0.1-1",22685,23224,1.02
"2024-03-26 14:32:00","docker","34.0.1-1",22658,23173,1.02
"2024-03-26 14:33:00","docker","34.0.1-1",22650,23200,1.02
"2024-03-26 14:34:00","docker","34.0.1-1",22745,23252,1.02
"2024-03-26 14:35:00","docker","34.0.1-1",22737,23269,1.02
"2024-03-26 14:36:00","docker","34.0.1-1",22784,23329,1.02
"2024-03-26 14:37:00","docker","34.0.1-1",22788,23312,1.02
"2024-03-26 14:38:00","docker","34.0.1-1",22831,23369,1.02
"2024-03-26 14:39:00","docker","34.0.1-1",22916,23441,1.02
"2024-03-26 14:40:00","docker","34.0.1-1",22998,23533,1.02
"2024-03-26 14:41:00","docker","34.0.1-1",23058,23594,1.02
"2024-03-26 14:42:00","docker","34.0.1-1",23116,23651,1.02
"2024-03-26 14:43:00","docker","34.0.1-1",23154,23666,1.02
"2024-03-26 14:44:00","docker","34.0.1-1",23131,23673,1.02
"2024-03-26 14:45:00","docker","34.0.1-1",23155,23717,1.02
"2024-03-26 14:46:00","docker","34.0.1-1",23160,23714,1.02
"2024-03-26 14:47:00","docker","34.0.1-1",23214,23752,1.02
"2024-03-26 14:48:00","docker","34.0.1-1",23219,23756,1.02
"2024-03-26 14:49:00","docker","34.0.1-1",23284,23814,1.02
"2024-03-26 14:50:00","docker","34.0.1-1",23248,23780,1.02
"2024-03-26 14:51:00","docker","34.0.1-1",23337,23862,1.02
"2024-03-26 14:52:00","docker","34.0.1-1",23431,23955,1.02
"2024-03-26 14:53:00","docker","34.0.1-1",23458,23992,1.02
"2024-03-26 14:54:00","docker","34.0.1-1",23439,23941,1.02
"2024-03-26 14:55:00","docker","34.0.1-1",23489,24018,1.02
"2024-03-26 14:56:00","docker","34.0.1-1",23468,24011,1.02
"2024-03-26 14:57:00","docker","34.0.1-1",23479,24010,1.02
"2024-03-26 14:58:00","docker","34.0.1-1",23510,24022,1.02
"2024-03-26 14:59:00","docker","34.0.1-1",23564,24122,1.02
"2024-03-26 15:00:00","docker","34.0.1-1",23625,24183,1.02
"2024-03-26 15:01:00","docker","34.0.1-1",23630,24192,1.02
"2024-03-26 15:02:00","docker","34.0.1-1",23684,24219,1.02
"2024-03-26 15:03:00","docker","34.0.1-1",23741,24278,1.02
"2024-03-26 15:04:00","docker","34.0.1-1",23771,24299,1.02
"2024-03-26 15:05:00","docker","34.0.1-1",23791,24318,1.02
"2024-03-26 15:06:00","docker","34.0.1-1",23841,24371,1.02
"2024-03-26 15:07:00","docker","34.0.1-1",23840,24379,1.02
"2024-03-26 15:08:00","docker","34.0.1-1",23895,24431,1.02
"2024-03-26 15:09:00","docker","34.0.1-1",23993,24554,1.02
"2024-03-26 15:10:00","docker","34.0.1-1",24121,24690,1.02
"2024-03-26 15:11:00","docker","34.0.1-1",24140,24673,1.02
"2024-03-26 15:12:00","docker","34.0.1-1",24224,24770,1.02
"2024-03-26 15:13:00","docker","34.0.1-1",24252,24819,1.02
"2024-03-26 15:14:00","docker","34.0.1-1",24302,24852,1.02
"2024-03-26 15:15:00","docker","34.0.1-1",24297,24828,1.02
"2024-03-26 15:16:00","docker","34.0.1-1",24278,24806,1.02
"2024-03-26 15:17:00","docker","34.0.1-1",24272,24787,1.02
"2024-03-26 15:18:00","docker","34.0.1-1",24338,24885,1.02
"2024-03-26 15:19:00","docker","34.0.1-1",24398,24927,1.02
"2024-03-26 15:20:00","docker","34.0.1-1",24433,24979,1.02
"2024-03-26 15:21:00","docker","34.0.1-1",24505,25038,1.02
"2024-03-26 15:22:00","docker","34.0.1-1",24518,25049,1.02
"2024-03-26 15:23:00","docker","34.0.1-1",24510,25031,1.02
"2024-03-26 15:24:00","docker","34.0.1-1",24555,25079,1.02
"2024-03-26 15:25:00","docker","34.0.1-1",24500,25018,1.02
"2024-03-26 15:26:00","docker","34.0.1-1",24571,25122,1.02
"2024-03-26 15:27:00","docker","34.0.1-1",24665,25243,1.02
"2024-03-26 15:28:00","docker","34.0.1-1",24738,25290,1.02
"2024-03-26 15:29:00","docker","34.0.1-1",24728,25267,1.02
"2024-03-26 15:30:00","docker","34.0.1-1",24740,25289,1.02
"2024-03-26 15:31:00","docker","34.0.1-1",24765,25312,1.02
"2024-03-26 15:32:00","docker","34.0.1-1",24759,25288,1.02
"2024-03-26 15:33:00","docker","34.0.1-1",24784,25334,1.02
"2024-03-26 15:34:00","docker","34.0.1-1",24845,25392,1.02
"2024-03-26 15:35:00","docker","34.0.1-1",24881,25432,1.02
"2024-03-26 15:36:00","docker","34.0.1-1",24917,25485,1.02
"2024-03-26 15:37:00","docker","34.0.1-1",24963,25519,1.02
"2024-03-26 15:38:00","docker","34.0.1-1",24945,25513,1.02
"2024-03-26 15:39:00","docker","34.0.1-1",25017,25577,1.02
"2024-03-26 15:40:00","docker","34.0.1-1",25133,25675,1.02
"2024-03-26 15:41:00","docker","34.0.1-1",25136,25680,1.02
"2024-03-26 15:42:00","docker","34.0.1-1",25126,25670,1.02
"2024-03-26 15:43:00","docker","34.0.1-1",25208,25764,1.02
"2024-03-26 15:44:00","docker","34.0.1-1",25210,25791,1.02
"2024-03-26 15:45:00","docker","34.0.1-1",25241,25773,1.02
"2024-03-26 15:46:00","docker","34.0.1-1",25255,25816,1.02
"2024-03-26 15:47:00","docker","34.0.1-1",25267,25836,1.02
"2024-03-26 15:48:00","docker","34.0.1-1",25268,25825,1.02
"2024-03-26 15:49:00","docker","34.0.1-1",25296,25849,1.02
"2024-03-26 15:50:00","docker","34.0.1-1",25291,25821,1.02
"2024-03-26 15:51:00","docker","34.0.1-1",25271,25807,1.02
"2024-03-26 15:52:00","docker","34.0.1-1",25336,25917,1.02
"2024-03-26 15:53:00","docker","34.0.1-1",25352,25896,1.02
"2024-03-26 15:54:00","docker","34.0.1-1",25416,25968,1.02
"2024-03-26 15:55:00","docker","34.0.1-1",25419,25984,1.02
"2024-03-26 15:56:00","docker","34.0.1-1",25394,25958,1.02
"2024-03-26 15:57:00","docker","34.0.1-1",25455,26001,1.02
"2024-03-26 15:58:00","docker","34.0.1-1",25462,25990,1.02
"2024-03-26 15:59:00","docker","34.0.1-1",25540,26089,1.02
"2024-03-26 16:00:00","docker","34.0.1-1",25587,26179,1.02
"2024-03-26 16:01:00","docker","34.0.1-1",25598,26177,1.02
"2024-03-26 16:02:00","docker","34.0.1-1",25518,26068,1.02
"2024-03-26 16:03:00","docker","34.0.1-1",25569,26112,1.02
"2024-03-26 16:04:00","docker","34.0.1-1",25641,26181,1.02
"2024-03-26 16:05:00","docker","34.0.1-1",25660,26223,1.02
"2024-03-26 16:06:00","docker","34.0.1-1",25733,26311,1.02
"2024-03-26 16:07:00","docker","34.0.1-1",25748,26330,1.02
"2024-03-26 16:08:00","docker","34.0.1-1",25806,26369,1.02
"2024-03-26 16:09:00","docker","34.0.1-1",25846,26407,1.02
"2024-03-26 16:10:00","docker","34.0.1-1",25879,26453,1.02
"2024-03-26 16:11:00","docker","34.0.1-1",25863,26425,1.02
"2024-03-26 16:12:00","docker","34.0.1-1",25879,26454,1.02
"2024-03-26 16:13:00","docker","34.0.1-1",25876,26431,1.02
"2024-03-26 16:14:00","docker","34.0.1-1",25938,26518,1.02
"2024-03-26 16:15:00","docker","34.0.1-1",25989,26568,1.02
"2024-03-26 16:16:00","docker","34.0.1-1",26033,26609,1.02
"2024-03-26 16:17:00","docker","34.0.1-1",26065,26633,1.02
"2024-03-26 16:18:00","docker","34.0.1-1",26147,26722,1.02
"2024-03-26 16:19:00","docker","34.0.1-1",26264,26828,1.02
"2024-03-26 16:20:00","docker","34.0.1-1",26250,26842,1.02
"2024-03-26 16:21:00","docker","34.0.1-1",26340,26918,1.02
"2024-03-26 16:22:00","docker","34.0.1-1",26376,26997,1.02
"2024-03-26 16:23:00","docker","34.0.1-1",26371,26986,1.02
"2024-03-26 16:24:00","docker","34.0.1-1",26439,27028,1.02
"2024-03-26 16:25:00","docker","34.0.1-1",26468,27054,1.02
"2024-03-26 16:26:00","docker","34.0.1-1",26481,27052,1.02
"2024-03-26 16:27:00","docker","34.0.1-1",26532,27122,1.02
"2024-03-26 16:28:00","docker","34.0.1-1",26518,27085,1.02
"2024-03-26 16:29:00","docker","34.0.1-1",26576,27166,1.02
"2024-03-26 16:30:00","docker","34.0.1-1",26610,27180,1.02
"2024-03-26 16:31:00","docker","34.0.1-1",26593,27175,1.02
"2024-03-26 16:32:00","docker","34.0.1-1",26593,27176,1.02
"2024-03-26 16:33:00","docker","34.0.1-1",26638,27235,1.02
"2024-03-26 16:34:00","docker","34.0.1-1",26631,27217,1.02
"2024-03-26 16:35:00","docker","34.0.1-1",26719,27330,1.02
"2024-03-26 16:36:00","docker","34.0.1-1",26744,27358,1.02
"2024-03-26 16:37:00","docker","34.0.1-1",26773,27384,1.02
"2024-03-26 16:38:00","docker","34.0.1-1",26807,27397,1.02
"2024-03-26 16:39:00","docker","34.0.1-1",26805,27382,1.02
"2024-03-26 16:40:00","docker","34.0.1-1",26878,27480,1.02
"2024-03-26 16:41:00","docker","34.0.1-1",26898,27490,1.02
"2024-03-26 16:42:00","docker","34.0.1-1",26929,27537,1.02
"2024-03-26 16:43:00","docker","34.0.1-1",26957,27557,1.02
"2024-03-26 16:44:00","docker","34.0.1-1",27034,27626,1.02
"2024-03-26 16:45:00","docker","34.0.1-1",27024,27584,1.02
"2024-03-26 16:46:00","docker","34.0.1-1",26993,27583,1.02
"2024-03-26 16:47:00","docker","34.0.1-1",26988,27570,1.02
"2024-03-26 16:48:00","docker","34.0.1-1",26988,27574,1.02
"2024-03-26 16:49:00","docker","34.0.1-1",27015,27615,1.02
"2024-03-26 16:50:00","docker","34.0.1-1",27054,27666,1.02
"2024-03-26 16:51:00","docker","34.0.1-1",27094,27689,1.02
"2024-03-26 16:52:00","docker","34.0.1-1",27093,27709,1.02
"2024-03-26 16:53:00","docker","34.0.1-1",27097,27735,1.02
"2024-03-26 16:54:00","docker","34.0.1-1",27175,27818,1.02
"2024-03-26 16:55:00","docker","34.0.1-1",27181,27810,1.02
"2024-03-26 16:56:00","docker","34.0.1-1",27123,27763,1.02
"2024-03-26 16:57:00","docker","34.0.1-1",27149,27788,1.02
"2024-03-26 16:58:00","docker","34.0.1-1",27142,27770,1.02
"2024-03-26 16:59:00","docker","34.0.1-1",27201,27809,1.02
"2024-03-26 17:00:00","docker","34.0.1-1",27188,27803,1.02
"2024-03-26 17:01:00","docker","34.0.1-1",27137,27747,1.02
"2024-03-26 17:02:00","docker","34.0.1-1",27131,27733,1.02
"2024-03-26 17:03:00","docker","34.0.1-1",27014,27628,1.02
"2024-03-26 17:04:00","docker","34.0.1-1",27102,27710,1.02
"2024-03-26 17:05:00","docker","34.0.1-1",27178,27791,1.02
"2024-03-26 17:06:00","docker","34.0.1-1",27229,27854,1.02
"2024-03-26 17:07:00","docker","34.0.1-1",27150,27739,1.02
"2024-03-26 17:08:00","docker","34.0.1-1",27161,27765,1.02
"2024-03-26 17:09:00","docker","34.0.1-1",27186,27795,1.02
"2024-03-26 17:10:00","docker","34.0.1-1",27246,27877,1.02
"2024-03-26 17:11:00","docker","34.0.1-1",27253,27898,1.02
"2024-03-26 17:12:00","docker","34.0.1-1",27280,27911,1.02
"2024-03-26 17:13:00","docker","34.0.1-1",27255,27894,1.02
"2024-03-26 17:14:00","docker","34.0.1-1",27282,27903,1.02
"2024-03-26 17:15:00","docker","34.0.1-1",27370,28010,1.02
"2024-03-26 17:16:00","docker","34.0.1-1",27331,27943,1.02
"2024-03-26 17:17:00","docker","34.0.1-1",27324,27938,1.02
"2024-03-26 17:18:00","docker","34.0.1-1",27373,28002,1.02
"2024-03-26 17:19:00","docker","34.0.1-1",27443,28083,1.02
"2024-03-26 17:20:00","docker","34.0.1-1",27470,28098,1.02
"2024-03-26 17:21:00","docker","34.0.1-1",27429,28038,1.02
"2024-03-26 17:22:00","docker","34.0.1-1",27505,28111,1.02
"2024-03-26 17:23:00","docker","34.0.1-1",27572,28173,1.02
"2024-03-26 17:24:00","docker","34.0.1-1",27596,28229,1.02
"2024-03-26 17:25:00","docker","34.0.1-1",27632,28272,1.02
"2024-03-26 17:26:00","docker","34.0.1-1",27650,28280,1.02
"2024-03-26 17:27:00","docker","34.0.1-1",27627,28239,1.02
"2024-03-26 17:28:00","docker","34.0.1-1",27663,28305,1.02
"2024-03-26 17:29:00","docker","34.0.1-1",27613,28253,1.02
"2024-03-26 17:30:00","docker","34.0.1-1",27654,28282,1.02
"2024-03-26 17:31:00","docker","34.0.1-1",27640,28270,1.02
"2024-03-26 17:32:00","docker","34.0.1-1",27679,28306,1.02
"2024-03-26 17:33:00","docker","34.0.1-1",27736,28364,1.02
"2024-03-26 17:34:00","docker","34.0.1-1",27714,28316,1.02
"2024-03-26 17:35:00","docker","34.0.1-1",27734,28360,1.02
"2024-03-26 17:36:00","docker","34.0.1-1",27814,28438,1.02
"2024-03-26 17:37:00","docker","34.0.1-1",27815,28444,1.02
"2024-03-26 17:38:00","docker","34.0.1-1",27929,28538,1.02
"2024-03-26 17:39:00","docker","34.0.1-1",27978,28576,1.02
"2024-03-26 17:40:00","docker","34.0.1-1",27994,28610,1.02
"2024-03-26 17:41:00","docker","34.0.1-1",27978,28620,1.02
"2024-03-26 17:42:00","docker","34.0.1-1",27978,28588,1.02
"2024-03-26 17:43:00","docker","34.0.1-1",27997,28631,1.02
"2024-03-26 17:44:00","docker","34.0.1-1",28015,28627,1.02
"2024-03-26 17:45:00","docker","34.0.1-1",28055,28700,1.02
"2024-03-26 17:46:00","docker","34.0.1-1",28085,28735,1.02
"2024-03-26 17:47:00","docker","34.0.1-1",28147,28801,1.02
"2024-03-26 17:48:00","docker","34.0.1-1",28113,28733,1.02
"2024-03-26 17:49:00","docker","34.0.1-1",28125,28735,1.02
"2024-03-26 17:50:00","docker","34.0.1-1",28165,28825,1.02
"2024-03-26 17:51:00","docker","34.0.1-1",28150,28775,1.02
"2024-03-26 17:52:00","docker","34.0.1-1",28184,28860,1.02
"2024-03-26 17:53:00","docker","34.0.1-1",28207,28849,1.02
"2024-03-26 17:54:00","docker","34.0.1-1",28186,28852,1.02
"2024-03-26 17:55:00","docker","34.0.1-1",28206,28870,1.02
"2024-03-26 17:56:00","docker","34.0.1-1",28201,28864,1.02
"2024-03-26 17:57:00","docker","34.0.1-1",28220,28884,1.02
"2024-03-26 17:58:00","docker","34.0.1-1",28167,28821,1.02
"2024-03-26 17:59:00","docker","34.0.1-1",28140,28791,1.02
"2024-03-26 18:00:00","docker","34.0.1-1",28122,28789,1.02
"2024-03-26 18:01:00","docker","34.0.1-1",28092,28728,1.02
"2024-03-26 18:02:00","docker","34.0.1-1",28023,28645,1.02
"2024-03-26 18:03:00","docker","34.0.1-1",28072,28680,1.02
"2024-03-26 18:04:00","docker","34.0.1-1",28142,28777,1.02
"2024-03-26 18:05:00","docker","34.0.1-1",28140,28777,1.02
"2024-03-26 18:06:00","docker","34.0.1-1",28107,28725,1.02
"2024-03-26 18:07:00","docker","34.0.1-1",28142,28768,1.02
"2024-03-26 18:08:00","docker","34.0.1-1",28179,28829,1.02
"2024-03-26 18:09:00","docker","34.0.1-1",28168,28821,1.02
"2024-03-26 18:10:00","docker","34.0.1-1",28228,28880,1.02
"2024-03-26 18:11:00","docker","34.0.1-1",28252,28896,1.02
"2024-03-26 18:12:00","docker","34.0.1-1",28220,28860,1.02
"2024-03-26 18:13:00","docker","34.0.1-1",28250,28881,1.02
"2024-03-26 18:14:00","docker","34.0.1-1",28266,28921,1.02
"2024-03-26 18:15:00","docker","34.0.1-1",28253,28899,1.02
"2024-03-26 18:16:00","docker","34.0.1-1",28351,28998,1.02
"2024-03-26 18:17:00","docker","34.0.1-1",28354,29022,1.02
"2024-03-26 18:18:00","docker","34.0.1-1",28416,29058,1.02
"2024-03-26 18:19:00","docker","34.0.1-1",28390,29019,1.02
"2024-03-26 18:20:00","docker","34.0.1-1",28415,29040,1.02
"2024-03-26 18:21:00","docker","34.0.1-1",28480,29121,1.02
"2024-03-26 18:22:00","docker","34.0.1-1",28552,29160,1.02
"2024-03-26 18:23:00","docker","34.0.1-1",28578,29181,1.02
"2024-03-26 18:24:00","docker","34.0.1-1",28575,29204,1.02
"2024-03-26 18:25:00","docker","34.0.1-1",28572,29190,1.02
"2024-03-26 18:26:00","docker","34.0.1-1",28574,29198,1.02
"2024-03-26 18:27:00","docker","34.0.1-1",28607,29211,1.02
"2024-03-26 18:28:00","docker","34.0.1-1",28587,29215,1.02
"2024-03-26 18:29:00","docker","34.0.1-1",28622,29266,1.02
"2024-03-26 18:30:00","docker","34.0.1-1",28602,29260,1.02
"2024-03-26 18:31:00","docker","34.0.1-1",28550,29179,1.02
"2024-03-26 18:32:00","docker","34.0.1-1",28582,29223,1.02
"2024-03-26 18:33:00","docker","34.0.1-1",28597,29226,1.02
"2024-03-26 18:34:00","docker","34.0.1-1",28604,29232,1.02
"2024-03-26 18:35:00","docker","34.0.1-1",28572,29252,1.02
"2024-03-26 18:36:00","docker","34.0.1-1",28639,29262,1.02
"2024-03-26 18:37:00","docker","34.0.1-1",28704,29335,1.02
"2024-03-26 18:38:00","docker","34.0.1-1",28735,29367,1.02
"2024-03-26 18:39:00","docker","34.0.1-1",28741,29363,1.02
"2024-03-26 18:40:00","docker","34.0.1-1",28810,29453,1.02
"2024-03-26 18:41:00","docker","34.0.1-1",28815,29429,1.02
"2024-03-26 18:42:00","docker","34.0.1-1",28860,29509,1.02
"2024-03-26 18:43:00","docker","34.0.1-1",28916,29535,1.02
"2024-03-26 18:44:00","docker","34.0.1-1",28927,29582,1.02
"2024-03-26 18:45:00","docker","34.0.1-1",28907,29557,1.02
"2024-03-26 18:46:00","docker","34.0.1-1",28870,29499,1.02
"2024-03-26 18:47:00","docker","34.0.1-1",28948,29590,1.02
"2024-03-26 18:48:00","docker","34.0.1-1",28972,29601,1.02
"2024-03-26 18:49:00","docker","34.0.1-1",29004,29665,1.02
"2024-03-26 18:50:00","docker","34.0.1-1",29026,29632,1.02
"2024-03-26 18:51:00","docker","34.0.1-1",29063,29695,1.02
"2024-03-26 18:52:00","docker","34.0.1-1",28987,29611,1.02
"2024-03-26 18:53:00","docker","34.0.1-1",29026,29638,1.02
"2024-03-26 18:54:00","docker","34.0.1-1",29048,29661,1.02
"2024-03-26 18:55:00","docker","34.0.1-1",29027,29668,1.02
"2024-03-26 18:56:00","docker","34.0.1-1",28969,29590,1.02
"2024-03-26 18:57:00","docker","34.0.1-1",28980,29613,1.02
"2024-03-26 18:58:00","docker","34.0.1-1",28902,29517,1.02
"2024-03-26 18:59:00","docker","34.0.1-1",28907,29569,1.02
"2024-03-26 19:00:00","docker","34.0.1-1",28876,29487,1.02
"2024-03-26 19:01:00","docker","34.0.1-1",28839,29495,1.02
"2024-03-26 19:02:00","docker","34.0.1-1",28876,29533,1.02
"2024-03-26 19:03:00","docker","34.0.1-1",28854,29495,1.02
"2024-03-26 19:04:00","docker","34.0.1-1",28923,29569,1.02
"2024-03-26 19:05:00","docker","34.0.1-1",28937,29566,1.02
"2024-03-26 19:06:00","docker","34.0.1-1",28944,29578,1.02
"2024-03-26 19:07:00","docker","34.0.1-1",28964,29609,1.02
"2024-03-26 19:08:00","docker","34.0.1-1",29014,29647,1.02
"2024-03-26 19:09:00","docker","34.0.1-1",28943,29560,1.02
"2024-03-26 19:10:00","docker","34.0.1-1",29023,29620,1.02
"2024-03-26 19:11:00","docker","34.0.1-1",29007,29631,1.02
"2024-03-26 19:12:00","docker","34.0.1-1",28957,29601,1.02
"2024-03-26 19:13:00","docker","34.0.1-1",28988,29623,1.02
"2024-03-26 19:14:00","docker","34.0.1-1",28987,29629,1.02
"2024-03-26 19:15:00","docker","34.0.1-1",28962,29577,1.02
"2024-03-26 19:16:00","docker","34.0.1-1",28996,29648,1.02
"2024-03-26 19:17:00","docker","34.0.1-1",29009,29668,1.02
"2024-03-26 19:18:00","docker","34.0.1-1",29045,29711,1.02
"2024-03-26 19:19:00","docker","34.0.1-1",29001,29653,1.02
"2024-03-26 19:20:00","docker","34.0.1-1",29099,29779,1.02
"2024-03-26 19:21:00","docker","34.0.1-1",29130,29776,1.02
"2024-03-26 19:22:00","docker","34.0.1-1",29150,29805,1.02
"2024-03-26 19:23:00","docker","34.0.1-1",29084,29751,1.02
"2024-03-26 19:24:00","docker","34.0.1-1",29099,29765,1.02
"2024-03-26 19:25:00","docker","34.0.1-1",29041,29719,1.02
"2024-03-26 19:26:00","docker","34.0.1-1",29056,29734,1.02
"2024-03-26 19:27:00","docker","34.0.1-1",29117,29794,1.02
"2024-03-26 19:28:00","docker","34.0.1-1",29177,29850,1.02
"2024-03-26 19:29:00","docker","34.0.1-1",29193,29860,1.02
"2024-03-26 19:30:00","docker","34.0.1-1",29133,29800,1.02
"2024-03-26 19:31:00","docker","34.0.1-1",29104,29790,1.02
"2024-03-26 19:32:00","docker","34.0.1-1",29127,29801,1.02
"2024-03-26 19:33:00","docker","34.0.1-1",29067,29728,1.02
"2024-03-26 19:34:00","docker","34.0.1-1",29198,29859,1.02
"2024-03-26 19:35:00","docker","34.0.1-1",29261,29946,1.02
"2024-03-26 19:36:00","docker","34.0.1-1",29160,29872,1.02
"2024-03-26 19:37:00","docker","34.0.1-1",29201,29914,1.02
"2024-03-26 19:38:00","docker","34.0.1-1",29243,29923,1.02
"2024-03-26 19:39:00","docker","34.0.1-1",29293,29983,1.02
"2024-03-26 19:40:00","docker","34.0.1-1",29285,29965,1.02
"2024-03-26 19:41:00","docker","34.0.1-1",29297,29958,1.02
"2024-03-26 19:42:00","docker","34.0.1-1",29240,29907,1.02
"2024-03-26 19:43:00","docker","34.0.1-1",29304,29992,1.02
"2024-03-26 19:44:00","docker","34.0.1-1",29345,30022,1.02
"2024-03-26 19:45:00","docker","34.0.1-1",29297,29953,1.02
"2024-03-26 19:46:00","docker","34.0.1-1",29285,29965,1.02
"2024-03-26 19:47:00","docker","34.0.1-1",29346,30034,1.02
"2024-03-26 19:48:00","docker","34.0.1-1",29328,30000,1.02
"2024-03-26 19:49:00","docker","34.0.1-1",29286,29921,1.02
"2024-03-26 19:50:00","docker","34.0.1-1",29342,29995,1.02
"2024-03-26 19:51:00","docker","34.0.1-1",29272,29921,1.02
"2024-03-26 19:52:00","docker","34.0.1-1",29297,29957,1.02
"2024-03-26 19:53:00","docker","34.0.1-1",29310,29977,1.02
"2024-03-26 19:54:00","docker","34.0.1-1",29258,29920,1.02
"2024-03-26 19:55:00","docker","34.0.1-1",29299,29940,1.02
"2024-03-26 19:56:00","docker","34.0.1-1",29206,29867,1.02
"2024-03-26 19:57:00","docker","34.0.1-1",29150,29826,1.02
"2024-03-26 19:58:00","docker","34.0.1-1",29180,29864,1.02
"2024-03-26 19:59:00","docker","34.0.1-1",29159,29833,1.02
"2024-03-26 20:00:00","docker","34.0.1-1",29129,29825,1.02
"2024-03-26 20:01:00","docker","34.0.1-1",29076,29774,1.02
"2024-03-26 20:02:00","docker","34.0.1-1",29121,29837,1.02
"2024-03-26 20:03:00","docker","34.0.1-1",29139,29850,1.02
"2024-03-26 20:04:00","docker","34.0.1-1",29208,29924,1.02
"2024-03-26 20:05:00","docker","34.0.1-1",29259,29968,1.02
"2024-03-26 20:06:00","docker","34.0.1-1",29241,29978,1.03
"2024-03-26 20:07:00","docker","34.0.1-1",29215,29935,1.02
"2024-03-26 20:08:00","docker","34.0.1-1",29231,29913,1.02
"2024-03-26 20:09:00","docker","34.0.1-1",29224,29938,1.02
"2024-03-26 20:10:00","docker","34.0.1-1",29221,29927,1.02
"2024-03-26 20:11:00","docker","34.0.1-1",29277,29978,1.02
"2024-03-26 20:12:00","docker","34.0.1-1",29269,30013,1.03
"2024-03-26 20:13:00","docker","34.0.1-1",29243,29935,1.02
"2024-03-26 20:14:00","docker","34.0.1-1",29193,29908,1.02
"2024-03-26 20:15:00","docker","34.0.1-1",29203,29946,1.03
"2024-03-26 20:16:00","docker","34.0.1-1",29182,29920,1.03
"2024-03-26 20:17:00","docker","34.0.1-1",29189,29926,1.03
"2024-03-26 20:18:00","docker","34.0.1-1",29136,29842,1.02
"2024-03-26 20:19:00","docker","34.0.1-1",29037,29738,1.02
"2024-03-26 20:20:00","docker","34.0.1-1",28959,29632,1.02
"2024-03-26 20:21:00","docker","34.0.1-1",28981,29671,1.02
"2024-03-26 20:22:00","docker","34.0.1-1",28992,29686,1.02
"2024-03-26 20:23:00","docker","34.0.1-1",28950,29651,1.02
"2024-03-26 20:24:00","docker","34.0.1-1",28978,29672,1.02
"2024-03-26 20:25:00","docker","34.0.1-1",28902,29604,1.02
"2024-03-26 20:26:00","docker","34.0.1-1",28915,29592,1.02
"2024-03-26 20:27:00","docker","34.0.1-1",28813,29485,1.02
"2024-03-26 20:28:00","docker","34.0.1-1",28780,29461,1.02
"2024-03-26 20:29:00","docker","34.0.1-1",28770,29443,1.02
"2024-03-26 20:30:00","docker","34.0.1-1",28804,29479,1.02
"2024-03-26 20:31:00","docker","34.0.1-1",28738,29405,1.02
"2024-03-26 20:32:00","docker","34.0.1-1",28719,29397,1.02
"2024-03-26 20:33:00","docker","34.0.1-1",28759,29428,1.02
"2024-03-26 20:34:00","docker","34.0.1-1",28800,29483,1.02
"2024-03-26 20:35:00","docker","34.0.1-1",28780,29476,1.02
"2024-03-26 20:36:00","docker","34.0.1-1",28752,29433,1.02
"2024-03-26 20:37:00","docker","34.0.1-1",28791,29456,1.02
"2024-03-26 20:38:00","docker","34.0.1-1",28710,29394,1.02
"2024-03-26 20:39:00","docker","34.0.1-1",28756,29390,1.02
"2024-03-26 20:40:00","docker","34.0.1-1",28728,29393,1.02
"2024-03-26 20:41:00","docker","34.0.1-1",28728,29381,1.02
"2024-03-26 20:42:00","docker","34.0.1-1",28705,29393,1.02
"2024-03-26 20:43:00","docker","34.0.1-1",28694,29366,1.02
"2024-03-26 20:44:00","docker","34.0.1-1",28678,29330,1.02
"2024-03-26 20:45:00","docker","34.0.1-1",28664,29346,1.02
"2024-03-26 20:46:00","docker","34.0.1-1",28692,29359,1.02
"2024-03-26 20:47:00","docker","34.0.1-1",28690,29339,1.02
"2024-03-26 20:48:00","docker","34.0.1-1",28586,29241,1.02
"2024-03-26 20:49:00","docker","34.0.1-1",28593,29246,1.02
"2024-03-26 20:50:00","docker","34.0.1-1",28662,29303,1.02
"2024-03-26 20:51:00","docker","34.0.1-1",28719,29383,1.02
"2024-03-26 20:52:00","docker","34.0.1-1",28694,29358,1.02
"2024-03-26 20:53:00","docker","34.0.1-1",28667,29348,1.02
"2024-03-26 20:54:00","docker","34.0.1-1",28767,29411,1.02
"2024-03-26 20:55:00","docker","34.0.1-1",28658,29318,1.02
"2024-03-26 20:56:00","docker","34.0.1-1",28590,29238,1.02
"2024-03-26 20:57:00","docker","34.0.1-1",28527,29162,1.02
"2024-03-26 20:58:00","docker","34.0.1-1",28432,29096,1.02
"2024-03-26 20:59:00","docker","34.0.1-1",28447,29140,1.02
"2024-03-26 21:00:00","docker","34.0.1-1",28415,29082,1.02
"2024-03-26 21:01:00","docker","34.0.1-1",28293,28967,1.02
"2024-03-26 21:02:00","docker","34.0.1-1",28308,28984,1.02
"2024-03-26 21:03:00","docker","34.0.1-1",28315,28956,1.02
"2024-03-26 21:04:00","docker","34.0.1-1",28280,28933,1.02
"2024-03-26 21:05:00","docker","34.0.1-1",28270,28925,1.02
"2024-03-26 21:06:00","docker","34.0.1-1",28263,28921,1.02
"2024-03-26 21:07:00","docker","34.0.1-1",28271,28928,1.02
"2024-03-26 21:08:00","docker","34.0.1-1",28302,28971,1.02
"2024-03-26 21:09:00","docker","34.0.1-1",28360,29011,1.02
"2024-03-26 21:10:00","docker","34.0.1-1",28280,28940,1.02
"2024-03-26 21:11:00","docker","34.0.1-1",28383,29029,1.02
"2024-03-26 21:12:00","docker","34.0.1-1",28320,28986,1.02
"2024-03-26 21:13:00","docker","34.0.1-1",28348,29014,1.02
"2024-03-26 21:14:00","docker","34.0.1-1",28368,29045,1.02
"2024-03-26 21:15:00","docker","34.0.1-1",28407,29070,1.02
"2024-03-26 21:16:00","docker","34.0.1-1",28451,29131,1.02
"2024-03-26 21:17:00","docker","34.0.1-1",28473,29144,1.02
"2024-03-26 21:18:00","docker","34.0.1-1",28428,29078,1.02
"2024-03-26 21:19:00","docker","34.0.1-1",28451,29143,1.02
"2024-03-26 21:20:00","docker","34.0.1-1",28453,29114,1.02
"2024-03-26 21:21:00","docker","34.0.1-1",28438,29111,1.02
"2024-03-26 21:22:00","docker","34.0.1-1",28448,29101,1.02
"2024-03-26 21:23:00","docker","34.0.1-1",28421,29092,1.02
"2024-03-26 21:24:00","docker","34.0.1-1",28430,29087,1.02
"2024-03-26 21:25:00","docker","34.0.1-1",28444,29083,1.02
"2024-03-26 21:26:00","docker","34.0.1-1",28442,29131,1.02
"2024-03-26 21:27:00","docker","34.0.1-1",28369,29052,1.02
"2024-03-26 21:28:00","docker","34.0.1-1",28359,29021,1.02
"2024-03-26 21:29:00","docker","34.0.1-1",28369,29038,1.02
"2024-03-26 21:30:00","docker","34.0.1-1",28344,29018,1.02
"2024-03-26 21:31:00","docker","34.0.1-1",28321,28985,1.02
"2024-03-26 21:32:00","docker","34.0.1-1",28298,28971,1.02
"2024-03-26 21:33:00","docker","34.0.1-1",28317,28979,1.02
"2024-03-26 21:34:00","docker","34.0.1-1",28341,29027,1.02
"2024-03-26 21:35:00","docker","34.0.1-1",28285,28960,1.02
"2024-03-26 21:36:00","docker","34.0.1-1",28340,29039,1.02
"2024-03-26 21:37:00","docker","34.0.1-1",28353,29056,1.02
"2024-03-26 21:38:00","docker","34.0.1-1",28383,29087,1.02
"2024-03-26 21:39:00","docker","34.0.1-1",28444,29144,1.02
"2024-03-26 21:40:00","docker","34.0.1-1",28382,29083,1.02
"2024-03-26 21:41:00","docker","34.0.1-1",28413,29108,1.02
"2024-03-26 21:42:00","docker","34.0.1-1",28418,29130,1.03
"2024-03-26 21:43:00","docker","34.0.1-1",28404,29079,1.02
"2024-03-26 21:44:00","docker","34.0.1-1",28390,29070,1.02
"2024-03-26 21:45:00","docker","34.0.1-1",28414,29094,1.02
"2024-03-26 21:46:00","docker","34.0.1-1",28425,29125,1.02
"2024-03-26 21:47:00","docker","34.0.1-1",28418,29115,1.02
"2024-03-26 21:48:00","docker","34.0.1-1",28465,29185,1.03
"2024-03-26 21:49:00","docker","34.0.1-1",28563,29272,1.02
"2024-03-26 21:50:00","docker","34.0.1-1",28563,29263,1.02
"2024-03-26 21:51:00","docker","34.0.1-1",28546,29258,1.02
"2024-03-26 21:52:00","docker","34.0.1-1",28553,29248,1.02
"2024-03-26 21:53:00","docker","34.0.1-1",28451,29149,1.02
"2024-03-26 21:54:00","docker","34.0.1-1",28426,29116,1.02
"2024-03-26 21:55:00","docker","34.0.1-1",28384,29084,1.02
"2024-03-26 21:56:00","docker","34.0.1-1",28334,29041,1.02
"2024-03-26 21:57:00","docker","34.0.1-1",28262,28954,1.02
"2024-03-26 21:58:00","docker","34.0.1-1",28248,28965,1.03
"2024-03-26 21:59:00","docker","34.0.1-1",28348,29075,1.03
"2024-03-26 22:00:00","docker","34.0.1-1",28292,29035,1.03
"2024-03-26 22:01:00","docker","34.0.1-1",28273,28992,1.03
"2024-03-26 22:02:00","docker","34.0.1-1",28320,29061,1.03
"2024-03-26 22:03:00","docker","34.0.1-1",28319,29052,1.03
"2024-03-26 22:04:00","docker","34.0.1-1",28322,29062,1.03
"2024-03-26 22:05:00","docker","34.0.1-1",28338,29037,1.02
"2024-03-26 22:06:00","docker","34.0.1-1",28294,29015,1.03
"2024-03-26 22:07:00","docker","34.0.1-1",28289,29006,1.03
"2024-03-26 22:08:00","docker","34.0.1-1",28303,29038,1.03
"2024-03-26 22:09:00","docker","34.0.1-1",28396,29140,1.03
"2024-03-26 22:10:00","docker","34.0.1-1",28417,29140,1.03
"2024-03-26 22:11:00","docker","34.0.1-1",28417,29126,1.02
"2024-03-26 22:12:00","docker","34.0.1-1",28374,29103,1.03
"2024-03-26 22:13:00","docker","34.0.1-1",28341,29093,1.03
"2024-03-26 22:14:00","docker","34.0.1-1",28351,29099,1.03
"2024-03-26 22:15:00","docker","34.0.1-1",28393,29143,1.03
"2024-03-26 22:16:00","docker","34.0.1-1",28319,29044,1.03
"2024-03-26 22:17:00","docker","34.0.1-1",28391,29121,1.03
"2024-03-26 22:18:00","docker","34.0.1-1",28323,29057,1.03
"2024-03-26 22:19:00","docker","34.0.1-1",28401,29144,1.03
"2024-03-26 22:20:00","docker","34.0.1-1",28457,29185,1.03
"2024-03-26 22:21:00","docker","34.0.1-1",28468,29224,1.03
"2024-03-26 22:22:00","docker","34.0.1-1",28450,29174,1.03
"2024-03-26 22:23:00","docker","34.0.1-1",28505,29231,1.03
"2024-03-26 22:24:00","docker","34.0.1-1",28587,29320,1.03
"2024-03-26 22:25:00","docker","34.0.1-1",28541,29213,1.02
"2024-03-26 22:26:00","docker","34.0.1-1",28588,29309,1.03
"2024-03-26 22:27:00","docker","34.0.1-1",28582,29287,1.02
"2024-03-26 22:28:00","docker","34.0.1-1",28590,29324,1.03
"2024-03-26 22:29:00","docker","34.0.1-1",28641,29391,1.03
"2024-03-26 22:30:00","docker","34.0.1-1",28743,29474,1.03
"2024-03-26 22:31:00","docker","34.0.1-1",28738,29485,1.03
"2024-03-26 22:32:00","docker","34.0.1-1",28748,29492,1.03
"2024-03-26 22:33:00","docker","34.0.1-1",28856,29560,1.02
"2024-03-26 22:34:00","docker","34.0.1-1",28865,29589,1.03
"2024-03-26 22:35:00","docker","34.0.1-1",28866,29606,1.03
"2024-03-26 22:36:00","docker","34.0.1-1",28953,29686,1.03
"2024-03-26 22:37:00","docker","34.0.1-1",28928,29687,1.03
"2024-03-26 22:38:00","docker","34.0.1-1",29012,29780,1.03
"2024-03-26 22:39:00","docker","34.0.1-1",29017,29739,1.02
"2024-03-26 22:40:00","docker","34.0.1-1",28985,29717,1.03
"2024-03-26 22:41:00","docker","34.0.1-1",29050,29802,1.03
"2024-03-26 22:42:00","docker","34.0.1-1",29113,29836,1.02
"2024-03-26 22:43:00","docker","34.0.1-1",29017,29755,1.03
"2024-03-26 22:44:00","docker","34.0.1-1",28976,29727,1.03
"2024-03-26 22:45:00","docker","34.0.1-1",28996,29735,1.03
"2024-03-26 22:46:00","docker","34.0.1-1",29051,29778,1.03
"2024-03-26 22:47:00","docker","34.0.1-1",29131,29899,1.03
"2024-03-26 22:48:00","docker","34.0.1-1",29142,29891,1.03
"2024-03-26 22:49:00","docker","34.0.1-1",29187,29939,1.03
"2024-03-26 22:50:00","docker","34.0.1-1",29198,29917,1.02
"2024-03-26 22:51:00","docker","34.0.1-1",29234,29986,1.03
"2024-03-26 22:52:00","docker","34.0.1-1",29181,29886,1.02
"2024-03-26 22:53:00","docker","34.0.1-1",29188,29879,1.02
"2024-03-26 22:54:00","docker","34.0.1-1",29212,29931,1.02
"2024-03-26 22:55:00","docker","34.0.1-1",29210,29950,1.03
"2024-03-26 22:56:00","docker","34.0.1-1",29195,29933,1.03
"2024-03-26 22:57:00","docker","34.0.1-1",29126,29856,1.03
"2024-03-26 22:58:00","docker","34.0.1-1",29116,29851,1.03
"2024-03-26 22:59:00","docker","34.0.1-1",29190,29896,1.02
"2024-03-26 23:00:00","docker","34.0.1-1",29213,29921,1.02
"2024-03-26 23:01:00","docker","34.0.1-1",29128,29864,1.03
"2024-03-26 23:02:00","docker","34.0.1-1",29149,29855,1.02
"2024-03-26 23:03:00","docker","34.0.1-1",29279,30007,1.02
"2024-03-26 23:04:00","docker","34.0.1-1",29304,30028,1.02
"2024-03-26 23:05:00","docker","34.0.1-1",29306,30015,1.02
"2024-03-26 23:06:00","docker","34.0.1-1",29337,30071,1.03
"2024-03-26 23:07:00","docker","34.0.1-1",29362,30075,1.02
"2024-03-26 23:08:00","docker","34.0.1-1",29409,30140,1.02
"2024-03-26 23:09:00","docker","34.0.1-1",29400,30115,1.02
"2024-03-26 23:10:00","docker","34.0.1-1",29402,30110,1.02
"2024-03-26 23:11:00","docker","34.0.1-1",29437,30158,1.02
"2024-03-26 23:12:00","docker","34.0.1-1",29365,30075,1.02
"2024-03-26 23:13:00","docker","34.0.1-1",29411,30125,1.02
"2024-03-26 23:14:00","docker","34.0.1-1",29391,30103,1.02
"2024-03-26 23:15:00","docker","34.0.1-1",29424,30156,1.02
"2024-03-26 23:16:00","docker","34.0.1-1",29518,30258,1.03
"2024-03-26 23:17:00","docker","34.0.1-1",29619,30371,1.03
"2024-03-26 23:18:00","docker","34.0.1-1",29611,30328,1.02
"2024-03-26 23:19:00","docker","34.0.1-1",29611,30365,1.03
"2024-03-26 23:20:00","docker","34.0.1-1",29605,30315,1.02
"2024-03-26 23:21:00","docker","34.0.1-1",29605,30335,1.02
"2024-03-26 23:22:00","docker","34.0.1-1",29606,30320,1.02
"2024-03-26 23:23:00","docker","34.0.1-1",29618,30325,1.02
"2024-03-26 23:24:00","docker","34.0.1-1",29653,30385,1.02
"2024-03-26 23:25:00","docker","34.0.1-1",29673,30417,1.03
"2024-03-26 23:26:00","docker","34.0.1-1",29702,30435,1.02
"2024-03-26 23:27:00","docker","34.0.1-1",29723,30454,1.02
"2024-03-26 23:28:00","docker","34.0.1-1",29742,30468,1.02
"2024-03-26 23:29:00","docker","34.0.1-1",29841,30586,1.02
"2024-03-26 23:30:00","docker","34.0.1-1",29865,30601,1.02
"2024-03-26 23:31:00","docker","34.0.1-1",29848,30575,1.02
"2024-03-26 23:32:00","docker","34.0.1-1",29868,30608,1.02
"2024-03-26 23:33:00","docker","34.0.1-1",29845,30570,1.02
"2024-03-26 23:34:00","docker","34.0.1-1",29824,30529,1.02
"2024-03-26 23:35:00","docker","34.0.1-1",29922,30654,1.02
"2024-03-26 23:36:00","docker","34.0.1-1",29961,30691,1.02
"2024-03-26 23:37:00","docker","34.0.1-1",30023,30753,1.02
"2024-03-26 23:38:00","docker","34.0.1-1",30057,30803,1.02
"2024-03-26 23:39:00","docker","34.0.1-1",30036,30762,1.02
"2024-03-26 23:40:00","docker","34.0.1-1",29996,30726,1.02
"2024-03-26 23:41:00","docker","34.0.1-1",30053,30785,1.02
"2024-03-26 23:42:00","docker","34.0.1-1",29979,30732,1.03
"2024-03-26 23:43:00","docker","34.0.1-1",29974,30695,1.02
"2024-03-26 23:44:00","docker","34.0.1-1",30011,30717,1.02
"2024-03-26 23:45:00","docker","34.0.1-1",30033,30775,1.02
"2024-03-26 23:46:00","docker","34.0.1-1",30033,30734,1.02
"2024-03-26 23:47:00","docker","34.0.1-1",30034,30743,1.02
"2024-03-26 23:48:00","docker","34.0.1-1",30025,30737,1.02
"2024-03-26 23:49:00","docker","34.0.1-1",30023,30743,1.02
"2024-03-26 23:50:00","docker","34.0.1-1",30079,30816,1.02
"2024-03-26 23:51:00","docker","34.0.1-1",30150,30878,1.02
"2024-03-26 23:52:00","docker","34.0.1-1",30212,30983,1.03
"2024-03-26 23:53:00","docker","34.0.1-1",30199,30917,1.02
"2024-03-26 23:54:00","docker","34.0.1-1",30160,30867,1.02
"2024-03-26 23:55:00","docker","34.0.1-1",30180,30875,1.02
"2024-03-26 23:56:00","docker","34.0.1-1",30122,30855,1.02
"2024-03-26 23:57:00","docker","34.0.1-1",30073,30775,1.02
"2024-03-26 23:58:00","docker","34.0.1-1",30103,30837,1.02
"2024-03-26 23:59:00","docker","34.0.1-1",30227,30981,1.02
